trace_id,request_id,category,task,length_bucket,policy_family,policy_id,block_size,margin,logical_removed_fraction,logical_compression_factor,cold_removed_fraction,newly_dropped_fraction,recovered_keep_fraction,mixed_block_fraction,physical_compression_factor_padded,score_margin_abs_p50,logical_total
kvzap-predictor-trace-20260818T070032Z::longbench__qasper__row000037,longbench__qasper__row000037,retrieval,qasper,"[1024,4096)",margin_aware_block_coalescing,coalesce_B4_m-0.25,4,-0.25,0.4775837790744793,1.9141825233305054,0.5009696718524186,0.0,0.19438334183456601,0.000748598369011213,1.912874970932486,1.875,789696
kvzap-predictor-trace-20260818T070032Z::longbench__qasper__row000037,longbench__qasper__row000037,retrieval,qasper,"[1024,4096)",margin_aware_block_coalescing,coalesce_B4_m+0.00,4,0.0,0.5116171286165816,2.047573857714028,0.5366695358326957,0.0,0.15868347785428888,0.000684887869520897,2.0462050309380926,1.875,789696
kvzap-predictor-trace-20260818T070032Z::longbench__qasper__row000037,longbench__qasper__row000037,retrieval,qasper,"[1024,4096)",margin_aware_block_coalescing,coalesce_B4_m+0.25,4,0.25,0.5470282235189238,2.207643062816248,0.5738146093683584,0.010536215251211426,0.13207461956983763,0.0006105589534488617,2.2062245069005977,1.875,789696
kvzap-predictor-trace-20260818T070032Z::longbench__qasper__row000037,longbench__qasper__row000037,retrieval,qasper,"[1024,4096)",margin_aware_block_coalescing,coalesce_B8_m-0.25,8,-0.25,0.41202184131615205,1.700743446386575,0.4321973561166369,0.0,0.2631556575703477,0.0018900781515460415,1.6994404751657055,1.875,789696
kvzap-predictor-trace-20260818T070032Z::longbench__qasper__row000037,longbench__qasper__row000037,retrieval,qasper,"[1024,4096)",margin_aware_block_coalescing,coalesce_B8_m+0.00,8,0.0,0.4470960977388767,1.8086325596734962,0.46898909716908954,0.0,0.2263639165178951,0.0017308019028202514,1.807283179845841,1.875,789696
kvzap-predictor-trace-20260818T070032Z::longbench__qasper__row000037,longbench__qasper__row000037,retrieval,qasper,"[1024,4096)",margin_aware_block_coalescing,coalesce_B8_m+0.25,8,0.25,0.48283136802009885,1.933605284937048,0.5064742200119017,0.005590888803876562,0.19446968247895946,0.0015396704043493035,1.9322332491631922,1.875,789696
kvzap-predictor-trace-20260818T070949Z::longbench__qasper__row000042,longbench__qasper__row000042,retrieval,qasper,"[1024,4096)",margin_aware_block_coalescing,coalesce_B4_m-0.25,4,-0.25,0.4717605381624719,1.8930808321692036,0.4951023815659494,0.0,0.19227145342095092,0.0007674308775545252,1.892425650557621,1.859375,781920
kvzap-predictor-trace-20260818T070949Z::longbench__qasper__row000042,longbench__qasper__row000042,retrieval,qasper,"[1024,4096)",margin_aware_block_coalescing,coalesce_B4_m+0.00,4,0.0,0.5061451299365664,2.024886379821574,0.5311882596744406,0.0,0.15618557531245975,0.0007137643826206423,2.02418920598103,1.859375,781920
kvzap-predictor-trace-20260818T070949Z::longbench__qasper__row000042,longbench__qasper__row000042,retrieval,qasper,"[1024,4096)",margin_aware_block_coalescing,coalesce_B4_m+0.25,4,0.25,0.5417267751176591,2.182104355445912,0.5685304191899669,0.010730737018425461,0.12957415281535883,0.0006386312897132063,2.1813799337149744,1.859375,781920
kvzap-predictor-trace-20260818T070949Z::longbench__qasper__row000042,longbench__qasper__row000042,retrieval,qasper,"[1024,4096)",margin_aware_block_coalescing,coalesce_B8_m-0.25,8,-0.25,0.4104703806015961,1.6962676125085419,0.43077969978095604,0.0,0.25659413520594426,0.0015324931412894376,1.693640616877491,1.859375,781920
kvzap-predictor-trace-20260818T070949Z::longbench__qasper__row000042,longbench__qasper__row000042,retrieval,qasper,"[1024,4096)",margin_aware_block_coalescing,coalesce_B8_m+0.00,8,0.0,0.4453869961121342,1.8030590573786558,0.46742392518146286,0.0,0.21994990980543744,0.0014253257887517146,1.800298391998674,1.859375,781920
kvzap-predictor-trace-20260818T070949Z::longbench__qasper__row000042,longbench__qasper__row000042,retrieval,qasper,"[1024,4096)",margin_aware_block_coalescing,coalesce_B8_m+0.25,8,0.25,0.4798790157560876,1.9226296002144123,0.5036225464931495,0.005461334450027918,0.18921262294377872,0.0012752914951989025,1.9198208638604624,1.859375,781920
kvzap-predictor-trace-20260818T071553Z::longbench__qasper__row000079,longbench__qasper__row000079,retrieval,qasper,"[1024,4096)",margin_aware_block_coalescing,coalesce_B4_m-0.25,4,-0.25,0.47847963493303247,1.9174706626683538,0.49497448903252833,0.0,0.19343541460933059,0.00047093649085037676,1.9162151300564016,1.84375,1106208
kvzap-predictor-trace-20260818T071553Z::longbench__qasper__row000079,longbench__qasper__row000079,retrieval,qasper,"[1024,4096)",margin_aware_block_coalescing,coalesce_B4_m+0.00,4,0.0,0.5133772310451561,2.054979881331436,0.5310751264326541,0.0,0.15733477720920488,0.00044103576127257503,2.0536293766011955,1.84375,1106208
kvzap-predictor-trace-20260818T071553Z::longbench__qasper__row000079,longbench__qasper__row000079,retrieval,qasper,"[1024,4096)",margin_aware_block_coalescing,coalesce_B4_m+0.25,4,0.25,0.5500466458387573,2.222452595923189,0.5690086632552294,0.010769219259658258,0.13017045964628782,0.00041113503169477335,2.220980099262757,1.84375,1106208
kvzap-predictor-trace-20260818T071553Z::longbench__qasper__row000079,longbench__qasper__row000079,retrieval,qasper,"[1024,4096)",margin_aware_block_coalescing,coalesce_B8_m-0.25,8,-0.25,0.4116712227718476,1.6997298767389761,0.4258629589729778,0.0,0.2625469446688811,0.0009408602150537635,1.6974294763202475,1.84375,1106208
kvzap-predictor-trace-20260818T071553Z::longbench__qasper__row000079,longbench__qasper__row000079,retrieval,qasper,"[1024,4096)",margin_aware_block_coalescing,coalesce_B8_m+0.00,8,0.0,0.447953730220718,1.811442364060929,0.4633962504114672,0.0,0.2250136532303917,0.0008811230585424134,1.808995525785604,1.84375,1106208
kvzap-predictor-trace-20260818T071553Z::longbench__qasper__row000079,longbench__qasper__row000079,retrieval,qasper,"[1024,4096)",margin_aware_block_coalescing,coalesce_B8_m+0.25,8,0.25,0.4850606757499494,1.9419763706265472,0.5017824011730556,0.005696950653858814,0.1923244531226621,0.0008213859020310633,1.9393548387096775,1.84375,1106208
kvzap-predictor-trace-20260818T071609Z::longbench__qasper__row000146,longbench__qasper__row000146,retrieval,qasper,"[1024,4096)",margin_aware_block_coalescing,coalesce_B4_m-0.25,4,-0.25,0.4798405473300431,1.9224874120176834,0.5057450560007498,0.0,0.18956781011293874,0.0009075791643245269,1.9216917654597885,1.90625,719712
kvzap-predictor-trace-20260818T071609Z::longbench__qasper__row000146,longbench__qasper__row000146,retrieval,qasper,"[1024,4096)",margin_aware_block_coalescing,coalesce_B4_m+0.00,4,0.0,0.5132011137788449,2.0542364173481182,0.5409066146492338,0.0,0.15440625146445475,0.0008490256698519767,2.053386590584879,1.90625,719712
kvzap-predictor-trace-20260818T071609Z::longbench__qasper__row000146,longbench__qasper__row000146,retrieval,qasper,"[1024,4096)",margin_aware_block_coalescing,coalesce_B4_m+0.25,4,0.25,0.5473883998043662,2.209399846508058,0.5769395238764703,0.010242396550916162,0.1286157387881344,0.0007846168259321716,2.208491365025592,1.90625,719712
kvzap-predictor-trace-20260818T071609Z::longbench__qasper__row000146,longbench__qasper__row000146,retrieval,qasper,"[1024,4096)",margin_aware_block_coalescing,coalesce_B8_m-0.25,8,-0.25,0.4176545618247299,1.7171938413966372,0.4402019190215099,0.0,0.25511094709217863,0.001812102506546951,1.714024425095738,1.90625,719712
kvzap-predictor-trace-20260818T071609Z::longbench__qasper__row000146,longbench__qasper__row000146,retrieval,qasper,"[1024,4096)",margin_aware_block_coalescing,coalesce_B8_m+0.00,8,0.0,0.4519988550975946,1.8248137057781,0.4764003116359717,0.0,0.21891255447771685,0.0016951926674148897,1.8214654491709015,1.90625,719712
kvzap-predictor-trace-20260818T071609Z::longbench__qasper__row000146,longbench__qasper__row000146,retrieval,qasper,"[1024,4096)",margin_aware_block_coalescing,coalesce_B8_m+0.25,8,0.25,0.48622504557378504,1.9463774778916625,0.5124742255963259,0.0054140892262992645,0.18825272974366183,0.0015665918443696222,1.9428571428571428,1.90625,719712
kvzap-predictor-trace-20260818T071625Z::longbench__qasper__row000163,longbench__qasper__row000163,retrieval,qasper,"[1024,4096)",margin_aware_block_coalescing,coalesce_B4_m-0.25,4,-0.25,0.47881812237990845,1.9187159856101836,0.5010161374703207,0.0,0.1919166767274337,0.0005225920566007397,1.9173364796106482,1.890625,832032
kvzap-predictor-trace-20260818T071625Z::longbench__qasper__row000163,longbench__qasper__row000163,retrieval,qasper,"[1024,4096)",margin_aware_block_coalescing,coalesce_B4_m+0.00,4,0.0,0.5141665224414446,2.058318428415576,0.5380032898708198,0.0,0.1549295243269347,0.000487417591252613,2.056837733610205,1.890625,832032
kvzap-predictor-trace-20260818T071625Z::longbench__qasper__row000163,longbench__qasper__row000163,retrieval,qasper,"[1024,4096)",margin_aware_block_coalescing,coalesce_B4_m+0.25,4,0.25,0.5501495134802508,2.2229608057923,0.5756544528954888,0.010742383999356111,0.1280207453016218,0.00045224312590448623,2.2213583938487824,1.890625,832032
kvzap-predictor-trace-20260818T071625Z::longbench__qasper__row000163,longbench__qasper__row000163,retrieval,qasper,"[1024,4096)",margin_aware_block_coalescing,coalesce_B8_m-0.25,8,-0.25,0.41534940963809086,1.7104233134888005,0.43460501428628917,0.0,0.25832779991146526,0.0010436737315350033,1.7078673826296862,1.890625,832032
kvzap-predictor-trace-20260818T071625Z::longbench__qasper__row000163,longbench__qasper__row000163,retrieval,qasper,"[1024,4096)",margin_aware_block_coalescing,coalesce_B8_m+0.00,8,0.0,0.45186603399869235,1.82437152598862,0.47281454988128296,0.0,0.2201182643164715,0.0009734264611432242,1.821659397824602,1.890625,832032
kvzap-predictor-trace-20260818T071625Z::longbench__qasper__row000163,longbench__qasper__row000163,retrieval,qasper,"[1024,4096)",margin_aware_block_coalescing,coalesce_B8_m+0.25,8,0.25,0.4876807622783739,1.9519079635720418,0.5102896494828766,0.005613908004346252,0.18825707271922412,0.0009031791907514451,1.9490273977736967,1.890625,832032
kvzap-predictor-trace-20260818T071641Z::longbench__qasper__row000049,longbench__qasper__row000049,retrieval,qasper,"[4096,8192)",margin_aware_block_coalescing,coalesce_B4_m-0.25,4,-0.25,0.45712426693430946,1.8420421822004618,0.4677280919012525,0.0,0.20456850811485644,0.0002440619967793881,1.8416374459756992,1.78125,1626048
kvzap-predictor-trace-20260818T071641Z::longbench__qasper__row000049,longbench__qasper__row000049,retrieval,qasper,"[4096,8192)",margin_aware_block_coalescing,coalesce_B4_m+0.00,4,0.0,0.49497800802928327,1.98011178898915,0.5064599190527969,0.0,0.165836680963312,0.00021890096618357489,1.979692316682981,1.78125,1626048
kvzap-predictor-trace-20260818T071641Z::longbench__qasper__row000049,longbench__qasper__row000049,retrieval,qasper,"[4096,8192)",margin_aware_block_coalescing,coalesce_B4_m+0.25,4,0.25,0.5338329495808242,2.1451537578659914,0.5462161713181104,0.011283149087833757,0.13736357778583222,0.00018870772946859903,2.1447293447293445,1.78125,1626048
kvzap-predictor-trace-20260818T071641Z::longbench__qasper__row000049,longbench__qasper__row000049,retrieval,qasper,"[4096,8192)",margin_aware_block_coalescing,coalesce_B8_m-0.25,8,-0.25,0.38567250167276734,1.627796253175911,0.39461887358543757,0.0,0.27767772643067135,0.0007699275362318841,1.6272977646832767,1.78125,1626048
kvzap-predictor-trace-20260818T071641Z::longbench__qasper__row000049,longbench__qasper__row000049,retrieval,qasper,"[4096,8192)",margin_aware_block_coalescing,coalesce_B8_m+0.00,8,0.0,0.4249936041248475,1.73911109019581,0.434852100197334,0.0,0.2374444998187749,0.0007145732689210951,1.738583000453344,1.78125,1626048
kvzap-predictor-trace-20260818T071641Z::longbench__qasper__row000049,longbench__qasper__row000049,retrieval,qasper,"[4096,8192)",margin_aware_block_coalescing,coalesce_B8_m+0.25,8,0.25,0.464507812807494,1.867440877602396,0.47528291248842175,0.006012519632717168,0.20302620716040434,0.0006642512077294686,1.8668748564867967,1.78125,1626048
kvzap-predictor-trace-20260818T071658Z::longbench__qasper__row000051,longbench__qasper__row000051,retrieval,qasper,"[4096,8192)",margin_aware_block_coalescing,coalesce_B4_m-0.25,4,-0.25,0.4569236111111111,1.8413615845939415,0.46688379881925524,0.0,0.20963068611868,0.0,1.8413615845939415,1.75,1728000
kvzap-predictor-trace-20260818T071658Z::longbench__qasper__row000051,longbench__qasper__row000051,retrieval,qasper,"[4096,8192)",margin_aware_block_coalescing,coalesce_B4_m+0.00,4,0.0,0.49625,1.9851116625310175,0.5070674386920981,0.0,0.16944704624583712,0.0,1.9851116625310175,1.75,1728000
kvzap-predictor-trace-20260818T071658Z::longbench__qasper__row000051,longbench__qasper__row000051,retrieval,qasper,"[4096,8192)",margin_aware_block_coalescing,coalesce_B4_m+0.25,4,0.25,0.5362662037037037,2.1564095780525423,0.5479559302149561,0.011671444520133212,0.14022999924311233,0.0,2.1564095780525423,1.75,1728000
kvzap-predictor-trace-20260818T071658Z::longbench__qasper__row000051,longbench__qasper__row000051,retrieval,qasper,"[4096,8192)",margin_aware_block_coalescing,coalesce_B8_m-0.25,8,-0.25,0.38589814814814816,1.6283943729927777,0.3943100968816228,0.0,0.2822043880563124,0.0,1.6283943729927777,1.75,1728000
kvzap-predictor-trace-20260818T071658Z::longbench__qasper__row000051,longbench__qasper__row000051,retrieval,qasper,"[4096,8192)",margin_aware_block_coalescing,coalesce_B8_m+0.00,8,0.0,0.4256712962962963,1.74116319374471,0.4349502346351801,0.0,0.24156425030275508,0.0,1.74116319374471,1.75,1728000
kvzap-predictor-trace-20260818T071658Z::longbench__qasper__row000051,longbench__qasper__row000051,retrieval,qasper,"[4096,8192)",margin_aware_block_coalescing,coalesce_B8_m+0.25,8,0.25,0.4654074074074074,1.870583344880144,0.4755525280048441,0.0060935371253405994,0.20705549405843174,0.0,1.870583344880144,1.75,1728000
kvzap-predictor-trace-20260818T071714Z::longbench__qasper__row000070,longbench__qasper__row000070,retrieval,qasper,"[4096,8192)",margin_aware_block_coalescing,coalesce_B4_m-0.25,4,-0.25,0.46298044645854314,1.8621295880296134,0.47375722353559235,0.0,0.20845772463680265,0.0004116161616161616,1.8617808842383887,1.796875,1620576
kvzap-predictor-trace-20260818T071714Z::longbench__qasper__row000070,longbench__qasper__row000070,retrieval,qasper,"[4096,8192)",margin_aware_block_coalescing,coalesce_B4_m+0.00,4,0.0,0.5013754368817013,2.0055169238879835,0.5130459325938049,0.0,0.16916901557859004,0.00037626262626262627,2.0051471898323205,1.796875,1620576
kvzap-predictor-trace-20260818T071714Z::longbench__qasper__row000070,longbench__qasper__row000070,retrieval,qasper,"[4096,8192)",margin_aware_block_coalescing,coalesce_B4_m+0.25,4,0.25,0.5408842288174082,2.1780998666724014,0.5534743690772059,0.011532399830272171,0.1402729789254612,0.00034343434343434346,2.177701809268875,1.796875,1620576
kvzap-predictor-trace-20260818T071714Z::longbench__qasper__row000070,longbench__qasper__row000070,retrieval,qasper,"[4096,8192)",margin_aware_block_coalescing,coalesce_B8_m-0.25,8,-0.25,0.3921266265821535,1.645079458534877,0.40125414216726274,0.0,0.28096080600513224,0.0008226340439276486,1.643719571567673,1.796875,1620576
kvzap-predictor-trace-20260818T071714Z::longbench__qasper__row000070,longbench__qasper__row000070,retrieval,qasper,"[4096,8192)",margin_aware_block_coalescing,coalesce_B8_m+0.00,8,0.0,0.43091900657543986,1.7572191156522332,0.4409494908165121,0.0,0.2412654573558829,0.0007519783591731266,1.7558007506088946,1.796875,1620576
kvzap-predictor-trace-20260818T071714Z::longbench__qasper__row000070,longbench__qasper__row000070,retrieval,qasper,"[4096,8192)",margin_aware_block_coalescing,coalesce_B8_m+0.25,8,0.25,0.4703019173429694,1.8878678868986598,0.48124911600088904,0.006119168131579479,0.2070850003030854,0.0006863695090439276,1.886373583394638,1.796875,1620576
kvzap-predictor-trace-20260818T071731Z::longbench__qasper__row000072,longbench__qasper__row000072,retrieval,qasper,"[4096,8192)",margin_aware_block_coalescing,coalesce_B4_m-0.25,4,-0.25,0.4482567751690677,1.8124372987206587,0.45700458233809355,0.0,0.2092925750876658,0.00034298780487804876,1.8121610177465797,1.71875,1925856
kvzap-predictor-trace-20260818T071731Z::longbench__qasper__row000072,longbench__qasper__row000072,retrieval,qasper,"[4096,8192)",margin_aware_block_coalescing,coalesce_B4_m+0.00,4,0.0,0.48774830516923384,1.9521653321818142,0.4972667962595924,0.0,0.16903036116616693,0.0003069952574525745,1.951878443407509,1.71875,1925856
kvzap-predictor-trace-20260818T071731Z::longbench__qasper__row000072,longbench__qasper__row000072,retrieval,qasper,"[4096,8192)",margin_aware_block_coalescing,coalesce_B4_m+0.25,4,0.25,0.5287243698386588,2.1219005100213857,0.5390425157967847,0.01191799647642764,0.13917263810540226,0.00026888550135501356,2.121603638062168,1.71875,1925856
kvzap-predictor-trace-20260818T071731Z::longbench__qasper__row000072,longbench__qasper__row000072,retrieval,qasper,"[4096,8192)",margin_aware_block_coalescing,coalesce_B8_m-0.25,8,-0.25,0.37379741787547976,1.5969273020358614,0.38109213802917113,0.0,0.2852050193965882,0.0009146341463414635,1.5966413307334155,1.71875,1925856
kvzap-predictor-trace-20260818T071731Z::longbench__qasper__row000072,longbench__qasper__row000072,retrieval,qasper,"[4096,8192)",margin_aware_block_coalescing,coalesce_B8_m+0.00,8,0.0,0.41443493179136964,1.7077521428305404,0.42252269993732106,0.0,0.2437744574884383,0.000872289972899729,1.7074402439889353,1.71875,1925856
kvzap-predictor-trace-20260818T071731Z::longbench__qasper__row000072,longbench__qasper__row000072,retrieval,qasper,"[4096,8192)",margin_aware_block_coalescing,coalesce_B8_m+0.25,8,0.25,0.45653984513899276,1.8400613017448448,0.4654492978265657,0.006459529738611916,0.20730738933780557,0.000804539295392954,1.8397273255280775,1.71875,1925856
kvzap-predictor-trace-20260818T071748Z::longbench__qasper__row000077,longbench__qasper__row000077,retrieval,qasper,"[4096,8192)",margin_aware_block_coalescing,coalesce_B4_m-0.25,4,-0.25,0.47541594796607733,1.906272209615961,0.4869346383578354,0.0,0.19532515195490777,0.0003601017747497687,1.9059528002817894,1.84375,1558368
kvzap-predictor-trace-20260818T071748Z::longbench__qasper__row000077,longbench__qasper__row000077,retrieval,qasper,"[4096,8192)",margin_aware_block_coalescing,coalesce_B4_m+0.00,4,0.0,0.5116686174254091,2.047789750328515,0.5240656613456159,0.0,0.15819412896712726,0.0003259315333501556,2.047456130669904,1.84375,1558368
kvzap-predictor-trace-20260818T071748Z::longbench__qasper__row000077,longbench__qasper__row000077,retrieval,qasper,"[4096,8192)",margin_aware_block_coalescing,coalesce_B4_m+0.25,4,0.25,0.5486566715948993,2.2156082455758725,0.5619498864281658,0.010728857761793593,0.13103876164637096,0.0003075321725965178,2.215239752315644,1.84375,1558368
kvzap-predictor-trace-20260818T071748Z::longbench__qasper__row000077,longbench__qasper__row000077,retrieval,qasper,"[4096,8192)",margin_aware_block_coalescing,coalesce_B8_m-0.25,8,-0.25,0.40728056530934925,1.6871388746041627,0.4171484268197783,0.0,0.2651113634929649,0.0007196587661791897,1.6858886148253927,1.84375,1558368
kvzap-predictor-trace-20260818T071748Z::longbench__qasper__row000077,longbench__qasper__row000077,retrieval,qasper,"[4096,8192)",margin_aware_block_coalescing,coalesce_B8_m+0.00,8,0.0,0.44499630382554056,1.801789802289282,0.45577796706416807,0.0,0.2264818232485751,0.0006513699781475878,1.8004991219151494,1.84375,1558368
kvzap-predictor-trace-20260818T071748Z::longbench__qasper__row000077,longbench__qasper__row000077,retrieval,qasper,"[4096,8192)",margin_aware_block_coalescing,coalesce_B8_m+0.25,8,0.25,0.48261322101069837,1.9327900143746768,0.4943062916692956,0.005760747260605296,0.19371424590405284,0.0006145990922844176,1.9313886850819966,1.84375,1558368
kvzap-predictor-trace-20260818T071806Z::longbench__narrativeqa__row000002,longbench__narrativeqa__row000002,retrieval,narrativeqa,"[8192,16384)",margin_aware_block_coalescing,coalesce_B4_m-0.25,4,-0.25,0.4452748216349795,1.8026944494341657,0.4521959117587533,0.0,0.2153056061526007,0.0002833090497005019,1.802467805377445,1.78125,2408544
kvzap-predictor-trace-20260818T071806Z::longbench__narrativeqa__row000002,longbench__narrativeqa__row000002,retrieval,narrativeqa,"[8192,16384)",margin_aware_block_coalescing,coalesce_B4_m+0.00,4,0.0,0.4860654403656317,1.9457730196456067,0.4936205558928692,0.0,0.1738809620184848,0.0002664454157897577,1.9455246883663222,1.78125,2408544
kvzap-predictor-trace-20260818T071806Z::longbench__narrativeqa__row000002,longbench__narrativeqa__row000002,retrieval,narrativeqa,"[8192,16384)",margin_aware_block_coalescing,coalesce_B4_m+0.25,4,0.25,0.525827221757211,2.1089359108843095,0.5340003710449976,0.011341327666464278,0.14484247453282062,0.00024620905509686473,2.1086663421501437,1.78125,2408544
kvzap-predictor-trace-20260818T071806Z::longbench__narrativeqa__row000002,longbench__narrativeqa__row000002,retrieval,narrativeqa,"[8192,16384)",margin_aware_block_coalescing,coalesce_B8_m-0.25,8,-0.25,0.36736551211022095,1.5806915669988344,0.3730756257167915,0.0,0.2944258921945625,0.0005663430420711974,1.5798206442743126,1.78125,2408544
kvzap-predictor-trace-20260818T071806Z::longbench__narrativeqa__row000002,longbench__narrativeqa__row000002,retrieval,narrativeqa,"[8192,16384)",margin_aware_block_coalescing,coalesce_B8_m+0.00,8,0.0,0.40921569213599585,1.692665134616601,0.4155763003440599,0.0,0.2519252175672941,0.0005326321467098166,1.6917259011603405,1.78125,2408544
kvzap-predictor-trace-20260818T071806Z::longbench__narrativeqa__row000002,longbench__narrativeqa__row000002,retrieval,narrativeqa,"[8192,16384)",margin_aware_block_coalescing,coalesce_B8_m+0.25,8,0.25,0.45076942750474974,1.8207289435051397,0.4577759225527896,0.006244940295486744,0.21597053565405114,0.0004921790722761597,1.8197247456889518,1.78125,2408544
kvzap-predictor-trace-20260818T071824Z::longbench__narrativeqa__row000003,longbench__narrativeqa__row000003,retrieval,narrativeqa,"[8192,16384)",margin_aware_block_coalescing,coalesce_B4_m-0.25,4,-0.25,0.44868976514397374,1.813860757112823,0.4551334193500131,0.0,0.22451716905394117,0.0001401973979362943,1.8135196576624766,1.75,2603808
kvzap-predictor-trace-20260818T071824Z::longbench__narrativeqa__row000003,longbench__narrativeqa__row000003,retrieval,narrativeqa,"[8192,16384)",margin_aware_block_coalescing,coalesce_B4_m+0.00,4,0.0,0.49092060551315614,1.9643301434504299,0.49797073874615105,0.0,0.1816798496578032,0.00010125367628732367,1.964041214717818,1.75,2603808
kvzap-predictor-trace-20260818T071824Z::longbench__narrativeqa__row000003,longbench__narrativeqa__row000003,retrieval,narrativeqa,"[8192,16384)",margin_aware_block_coalescing,coalesce_B4_m+0.25,4,0.25,0.5334805792132139,2.1435334853016355,0.5411419181719586,0.012168165725469663,0.15067683595746537,7.94451921639001e-05,2.143263532200711,1.75,2603808
kvzap-predictor-trace-20260818T071824Z::longbench__narrativeqa__row000003,longbench__narrativeqa__row000003,retrieval,narrativeqa,"[8192,16384)",margin_aware_block_coalescing,coalesce_B8_m-0.25,8,-0.25,0.36553155993068615,1.5761225253233286,0.37078097535435134,0.0,0.308869613049603,0.0002802690582959641,1.5755217031411104,1.75,2603808
kvzap-predictor-trace-20260818T071824Z::longbench__narrativeqa__row000003,longbench__narrativeqa__row000003,retrieval,narrativeqa,"[8192,16384)",margin_aware_block_coalescing,coalesce_B8_m+0.00,8,0.0,0.40752889613980753,1.6878460290883208,0.41338143722652304,0.0,0.2662691511774312,0.00020241654210264077,1.6873483607407254,1.75,2603808
kvzap-predictor-trace-20260818T071824Z::longbench__narrativeqa__row000003,longbench__narrativeqa__row000003,retrieval,narrativeqa,"[8192,16384)",margin_aware_block_coalescing,coalesce_B8_m+0.25,8,0.25,0.44998901608720765,1.8181455084514389,0.4564513288953713,0.0063943740104965285,0.2295936335190795,0.00015881913303437967,1.81769239361108,1.75,2603808
kvzap-predictor-trace-20260818T071844Z::longbench__narrativeqa__row000005,longbench__narrativeqa__row000005,retrieval,narrativeqa,"[8192,16384)",margin_aware_block_coalescing,coalesce_B4_m-0.25,4,-0.25,0.4187929685891894,1.720557298786664,0.42280325511417005,0.0,0.23638801609269927,0.00019532548706695924,1.7204141147473933,1.6875,3886560
kvzap-predictor-trace-20260818T071844Z::longbench__narrativeqa__row000005,longbench__narrativeqa__row000005,retrieval,narrativeqa,"[8192,16384)",margin_aware_block_coalescing,coalesce_B4_m+0.00,4,0.0,0.46117286237701205,1.8558827686583415,0.46558897118110104,0.0,0.19360230002576828,0.00017870204135913293,1.8557303533878673,1.6875,3886560
kvzap-predictor-trace-20260818T071844Z::longbench__narrativeqa__row000005,longbench__narrativeqa__row000005,retrieval,narrativeqa,"[8192,16384)",margin_aware_block_coalescing,coalesce_B4_m+0.25,4,0.25,0.5035494113045984,2.014299152364491,0.5083713103580126,0.012103033590184784,0.16292299443904143,0.00016103963029456746,2.014137352044941,1.6875,3886560
kvzap-predictor-trace-20260818T071844Z::longbench__narrativeqa__row000005,longbench__narrativeqa__row000005,retrieval,narrativeqa,"[8192,16384)",margin_aware_block_coalescing,coalesce_B8_m-0.25,8,-0.25,0.3372316392902721,1.5088227792424285,0.3404609091211358,0.0,0.3187303620857335,0.00043013165769000596,1.508701539073078,1.6875,3886560
kvzap-predictor-trace-20260818T071844Z::longbench__narrativeqa__row000005,longbench__narrativeqa__row000005,retrieval,narrativeqa,"[8192,16384)",margin_aware_block_coalescing,coalesce_B8_m+0.00,8,0.0,0.3781922831501379,1.6082142001487156,0.38181378477677197,0.0,0.27737748643009735,0.0004051964891282665,1.6080844457831724,1.6875,3886560
kvzap-predictor-trace-20260818T071844Z::longbench__narrativeqa__row000005,longbench__narrativeqa__row000005,retrieval,narrativeqa,"[8192,16384)",margin_aware_block_coalescing,coalesce_B8_m+0.25,8,0.25,0.4193150240829937,1.7221041381703042,0.42333030971796215,0.006232180411128567,0.24209314190003575,0.00037610545913957044,1.721966037053709,1.6875,3886560
kvzap-predictor-trace-20260818T071904Z::longbench__qasper__row000016,longbench__qasper__row000016,retrieval,qasper,"[8192,16384)",margin_aware_block_coalescing,coalesce_B4_m-0.25,4,-0.25,0.41857759224252605,1.719919952615802,0.4219810944536202,0.0,0.22184306137861912,0.00015614413956639567,1.7196908698236875,1.65625,4570560
kvzap-predictor-trace-20260818T071904Z::longbench__qasper__row000016,longbench__qasper__row000016,retrieval,qasper,"[8192,16384)",margin_aware_block_coalescing,coalesce_B4_m+0.00,4,0.0,0.4587556010642022,1.8475941773553939,0.4624857952540267,0.0,0.18133836057821257,0.00014202941508581753,1.8473537172124788,1.65625,4570560
kvzap-predictor-trace-20260818T071904Z::longbench__qasper__row000016,longbench__qasper__row000016,retrieval,qasper,"[8192,16384)",margin_aware_block_coalescing,coalesce_B4_m+0.25,4,0.25,0.5015534201498285,2.006233045676812,0.5056316082948659,0.012393420291082596,0.15058596782845607,0.00012350383920505873,2.005986499653275,1.65625,4570560
kvzap-predictor-trace-20260818T071904Z::longbench__qasper__row000016,longbench__qasper__row000016,retrieval,qasper,"[8192,16384)",margin_aware_block_coalescing,coalesce_B8_m-0.25,8,-0.25,0.3443634915633971,1.5252353813922725,0.3471635504453761,0.0,0.2966606053868632,0.00035816113369467026,1.5250287617883294,1.65625,4570560
kvzap-predictor-trace-20260818T071904Z::longbench__qasper__row000016,longbench__qasper__row000016,retrieval,qasper,"[8192,16384)",margin_aware_block_coalescing,coalesce_B8_m+0.00,8,0.0,0.3825264300217041,1.6195025157678407,0.3856367961151343,0.0,0.258187359717105,0.00033169602529358627,1.6192867791690995,1.65625,4570560
kvzap-predictor-trace-20260818T071904Z::longbench__qasper__row000016,longbench__qasper__row000016,retrieval,qasper,"[8192,16384)",margin_aware_block_coalescing,coalesce_B8_m+0.25,8,0.25,0.42373057130854863,1.7352994106779596,0.42717597298098503,0.006320450246333234,0.2229686330975875,0.00030170223577235774,1.735074116928908,1.65625,4570560
kvzap-predictor-trace-20260818T071923Z::longbench__qasper__row000073,longbench__qasper__row000073,retrieval,qasper,"[8192,16384)",margin_aware_block_coalescing,coalesce_B4_m-0.25,4,-0.25,0.43604469150844416,1.7731901534445316,0.4417862531289648,0.0,0.21992586210837933,0.0001971068147538736,1.7727313634318285,1.6875,2836512
kvzap-predictor-trace-20260818T071923Z::longbench__qasper__row000073,longbench__qasper__row000073,retrieval,qasper,"[8192,16384)",margin_aware_block_coalescing,coalesce_B4_m+0.00,4,0.0,0.47823101048047745,1.9165569822784263,0.4845280549554801,0.0,0.177184060281864,0.000165683989213401,1.9161064395495127,1.6875,2836512
kvzap-predictor-trace-20260818T071923Z::longbench__qasper__row000073,longbench__qasper__row000073,retrieval,qasper,"[8192,16384)",margin_aware_block_coalescing,coalesce_B4_m+0.25,4,0.25,0.5215497061179364,2.090081274454179,0.528417143869515,0.012567651361885495,0.1458626227297146,0.0001456876456876457,2.0896101178987445,1.6875,2836512
kvzap-predictor-trace-20260818T071923Z::longbench__qasper__row000073,longbench__qasper__row000073,retrieval,qasper,"[8192,16384)",margin_aware_block_coalescing,coalesce_B8_m-0.25,8,-0.25,0.36028685935402355,1.563200654265456,0.3650308895975494,0.0,0.2966812256397947,0.0003940515350877193,1.5623689080814311,1.6875,2836512
kvzap-predictor-trace-20260818T071923Z::longbench__qasper__row000073,longbench__qasper__row000073,retrieval,qasper,"[8192,16384)",margin_aware_block_coalescing,coalesce_B8_m+0.00,8,0.0,0.4012265768662357,1.6700808041318207,0.40650967550206313,0.0,0.255202439735281,0.0003312317251461988,1.6692827381652975,1.6875,2836512
kvzap-predictor-trace-20260818T071923Z::longbench__qasper__row000073,longbench__qasper__row000073,retrieval,qasper,"[8192,16384)",margin_aware_block_coalescing,coalesce_B8_m+0.25,8,0.25,0.444168753736984,1.7991072051512664,0.45001728788762013,0.006584041993850655,0.21827886934357463,0.00029125548245614033,1.7982928177636217,1.6875,2836512
kvzap-predictor-trace-20260818T071940Z::longbench__gov_report__row000096,longbench__gov_report__row000096,summarization,gov_report,"[1024,4096)",margin_aware_block_coalescing,coalesce_B4_m-0.25,4,-0.25,0.47965313812700766,1.9217950049712853,0.5035424773022049,0.0,0.19157344357976655,0.0008910057024364956,1.9202277512529284,1.875,777024
kvzap-predictor-trace-20260818T071940Z::longbench__gov_report__row000096,longbench__gov_report__row000096,summarization,gov_report,"[1024,4096)",margin_aware_block_coalescing,coalesce_B4_m+0.00,4,0.0,0.5140870809653241,2.057981915744532,0.5396914180717682,0.0,0.1554245028102032,0.0008478054259547261,2.056271832327723,1.875,777024
kvzap-predictor-trace-20260818T071940Z::longbench__gov_report__row000096,longbench__gov_report__row000096,summarization,gov_report,"[1024,4096)",margin_aware_block_coalescing,coalesce_B4_m+0.25,4,0.25,0.5496226628778519,2.220360390222715,0.5769968655425853,0.010677421098140943,0.128796476437527,0.0007722049421116296,2.2185472818638647,1.875,777024
kvzap-predictor-trace-20260818T071940Z::longbench__gov_report__row000096,longbench__gov_report__row000096,summarization,gov_report,"[1024,4096)",margin_aware_block_coalescing,coalesce_B8_m-0.25,8,-0.25,0.41485205090190264,1.7089695034244317,0.4355139429312581,0.0,0.2596019779507134,0.0017792443064182195,1.7052565047930053,1.875,777024
kvzap-predictor-trace-20260818T071940Z::longbench__gov_report__row000096,longbench__gov_report__row000096,summarization,gov_report,"[1024,4096)",margin_aware_block_coalescing,coalesce_B8_m+0.00,8,0.0,0.449548533893419,1.816690592311685,0.4719384997838305,0.0,0.22317742109814095,0.0016929779158040028,1.8126982942032772,1.875,777024
kvzap-predictor-trace-20260818T071940Z::longbench__gov_report__row000096,longbench__gov_report__row000096,summarization,gov_report,"[1024,4096)",margin_aware_block_coalescing,coalesce_B8_m+0.25,8,0.25,0.4853312124207232,1.942997174364232,0.5095033506268914,0.005616353220925205,0.19122892347600517,0.0015420117322291235,1.93883743213031,1.875,777024
kvzap-predictor-trace-20260818T071955Z::longbench__gov_report__row000109,longbench__gov_report__row000109,summarization,gov_report,"[1024,4096)",margin_aware_block_coalescing,coalesce_B4_m-0.25,4,-0.25,0.4781635802469136,1.9163093301789147,0.5004037467700259,0.0,0.18853207768087854,0.0,1.9163093301789147,1.90625,829440
kvzap-predictor-trace-20260818T071955Z::longbench__gov_report__row000109,longbench__gov_report__row000109,summarization,gov_report,"[1024,4096)",margin_aware_block_coalescing,coalesce_B4_m+0.00,4,0.0,0.5120466820987655,2.0493763712913364,0.5358628068475452,0.0,0.15307301760335917,0.0,2.0493763712913364,1.90625,829440
kvzap-predictor-trace-20260818T071955Z::longbench__gov_report__row000109,longbench__gov_report__row000109,summarization,gov_report,"[1024,4096)",margin_aware_block_coalescing,coalesce_B4_m+0.25,4,0.25,0.5472125771604939,2.2085419107466184,0.5726643249354005,0.010460826469638243,0.1267323259851421,0.0,2.2085419107466184,1.90625,829440
kvzap-predictor-trace-20260818T071955Z::longbench__gov_report__row000109,longbench__gov_report__row000109,summarization,gov_report,"[1024,4096)",margin_aware_block_coalescing,coalesce_B8_m-0.25,8,-0.25,0.41495949074074073,1.7092833473465552,0.43425993217054265,0.0,0.25467589228036175,0.0,1.7092833473465552,1.90625,829440
kvzap-predictor-trace-20260818T071955Z::longbench__gov_report__row000109,longbench__gov_report__row000109,summarization,gov_report,"[1024,4096)",margin_aware_block_coalescing,coalesce_B8_m+0.00,8,0.0,0.4498553240740741,1.817703676431915,0.4707788275193798,0.0,0.21815699693152454,0.0,1.817703676431915,1.90625,829440
kvzap-predictor-trace-20260818T071955Z::longbench__gov_report__row000109,longbench__gov_report__row000109,summarization,gov_report,"[1024,4096)",margin_aware_block_coalescing,coalesce_B8_m+0.25,8,0.25,0.48565779320987656,1.9442308774166932,0.5082465277777778,0.005615865229328165,0.18630516190245477,0.0,1.9442308774166932,1.90625,829440
kvzap-predictor-trace-20260818T072011Z::longbench__multi_news__row000054,longbench__multi_news__row000054,summarization,multi_news,"[1024,4096)",margin_aware_block_coalescing,coalesce_B4_m-0.25,4,-0.25,0.4733363666060012,1.898745112806938,0.5002280909404744,0.0,0.19889067662869261,0.0006156422379826635,1.8971691640291273,1.875,685728
kvzap-predictor-trace-20260818T072011Z::longbench__multi_news__row000054,longbench__multi_news__row000054,summarization,multi_news,"[1024,4096)",margin_aware_block_coalescing,coalesce_B4_m+0.00,4,0.0,0.5078267184656307,2.0318047271531303,0.5366779479212901,0.0,0.1624408196478769,0.000523295902285264,2.03027073118738,1.875,685728
kvzap-predictor-trace-20260818T072011Z::longbench__multi_news__row000054,longbench__multi_news__row000054,summarization,multi_news,"[1024,4096)",margin_aware_block_coalescing,coalesce_B4_m+0.25,4,0.25,0.5440072448551029,2.1930172984486083,0.5749140035508211,0.010957612072791834,0.13516237609113774,0.0004863573680063042,2.1913563676803314,1.875,685728
kvzap-predictor-trace-20260818T072011Z::longbench__multi_news__row000054,longbench__multi_news__row000054,summarization,multi_news,"[1024,4096)",margin_aware_block_coalescing,coalesce_B8_m-0.25,8,-0.25,0.40114739371879227,1.6698599780835262,0.4239378359717907,0.0,0.27518093159737633,0.0018961780929866035,1.667983420576388,1.875,685728
kvzap-predictor-trace-20260818T072011Z::longbench__multi_news__row000054,longbench__multi_news__row000054,summarization,multi_news,"[1024,4096)",margin_aware_block_coalescing,coalesce_B8_m+0.00,8,0.0,0.435440874515843,1.771293660592973,0.4601796370271736,0.0,0.2389391305419934,0.0017484239558707643,1.7693466818041077,1.875,685728
kvzap-predictor-trace-20260818T072011Z::longbench__multi_news__row000054,longbench__multi_news__row000054,summarization,multi_news,"[1024,4096)",margin_aware_block_coalescing,coalesce_B8_m+0.25,8,0.25,0.47074496010079797,1.8894482331060136,0.49748945849977805,0.005582063421610692,0.20721137249099966,0.0015883569739952718,1.8874355925485533,1.875,685728
kvzap-predictor-trace-20260818T072026Z::longbench__multi_news__row000127,longbench__multi_news__row000127,summarization,multi_news,"[1024,4096)",margin_aware_block_coalescing,coalesce_B4_m-0.25,4,-0.25,0.4760594079480941,1.9086133335913238,0.49938850604049684,0.0,0.20126791943168282,0.0,1.9086133335913238,1.8125,789120
kvzap-predictor-trace-20260818T072026Z::longbench__multi_news__row000127,longbench__multi_news__row000127,summarization,multi_news,"[1024,4096)",margin_aware_block_coalescing,coalesce_B4_m+0.00,4,0.0,0.511536901865369,2.0472375575941224,0.5366045601497362,0.0,0.16405186532244342,0.0,2.0472375575941224,1.8125,789120
kvzap-predictor-trace-20260818T072026Z::longbench__multi_news__row000127,longbench__multi_news__row000127,summarization,multi_news,"[1024,4096)",margin_aware_block_coalescing,coalesce_B4_m+0.25,4,0.25,0.5485908353609084,2.2152851079120532,0.5754743066190233,0.011122543389484431,0.1363046622426408,0.0,2.2152851079120532,1.8125,789120
kvzap-predictor-trace-20260818T072026Z::longbench__multi_news__row000127,longbench__multi_news__row000127,summarization,multi_news,"[1024,4096)",margin_aware_block_coalescing,coalesce_B8_m-0.25,8,-0.25,0.4021492295214923,1.672658210676253,0.421856389314276,0.0,0.2788000361579037,0.0009131838260278627,1.671439464542913,1.8125,789120
kvzap-predictor-trace-20260818T072026Z::longbench__multi_news__row000127,longbench__multi_news__row000127,summarization,multi_news,"[1024,4096)",margin_aware_block_coalescing,coalesce_B8_m+0.00,8,0.0,0.4384478913219789,1.7807786393219176,0.4599338523055981,0.0,0.24072257316658158,0.0008176180767923887,1.7795417643875158,1.8125,789120
kvzap-predictor-trace-20260818T072026Z::longbench__multi_news__row000127,longbench__multi_news__row000127,summarization,multi_news,"[1024,4096)",margin_aware_block_coalescing,coalesce_B8_m+0.25,8,0.25,0.4754359286293593,1.9063448195891233,0.4987344733707674,0.005762665900969882,0.20768461800238217,0.0006583418280665987,1.905203383937884,1.8125,789120
kvzap-predictor-trace-20260818T072041Z::longbench__qmsum__row000042,longbench__qmsum__row000042,summarization,qmsum,"[1024,4096)",margin_aware_block_coalescing,coalesce_B4_m-0.25,4,-0.25,0.522493961352657,2.0942143534619033,0.5493100106923282,0.0,0.19165302281030028,0.0005842681623931624,2.092995410097785,1.96875,755136
kvzap-predictor-trace-20260818T072041Z::longbench__qmsum__row000042,longbench__qmsum__row000042,summarization,qmsum,"[1024,4096)",margin_aware_block_coalescing,coalesce_B4_m+0.00,4,0.0,0.5578465336045427,2.2616581707528916,0.5864769892185691,0.0,0.15448604428405951,0.0005174946581196581,2.260398955913695,1.96875,755136
kvzap-predictor-trace-20260818T072041Z::longbench__qmsum__row000042,longbench__qmsum__row000042,summarization,qmsum,"[1024,4096)",margin_aware_block_coalescing,coalesce_B4_m+0.25,4,0.25,0.5937711882362912,2.461666851394259,0.6242454112091241,0.010621324512162524,0.12733894680566693,0.0004729789886039886,2.4603033936297765,1.96875,755136
kvzap-predictor-trace-20260818T072041Z::longbench__qmsum__row000042,longbench__qmsum__row000042,summarization,qmsum,"[1024,4096)",margin_aware_block_coalescing,coalesce_B8_m-0.25,8,-0.25,0.44786634460547503,1.8111556689755741,0.4708522676646173,0.0,0.27011076583801125,0.0017806267806267807,1.8097666660275706,1.96875,755136
kvzap-predictor-trace-20260818T072041Z::longbench__qmsum__row000042,longbench__qmsum__row000042,summarization,qmsum,"[1024,4096)",margin_aware_block_coalescing,coalesce_B8_m+0.00,8,0.0,0.4845670183913891,1.9401164374059021,0.5094365365766729,0.0,0.23152649692595562,0.00161369301994302,1.9386719792971718,1.96875,755136
kvzap-predictor-trace-20260818T072041Z::longbench__qmsum__row000042,longbench__qmsum__row000042,summarization,qmsum,"[1024,4096)",margin_aware_block_coalescing,coalesce_B8_m+0.25,8,0.25,0.5216649716077634,2.0905849261367413,0.548438474561169,0.0057652254299206986,0.1982897843713802,0.001379985754985755,2.0891505466778804,1.96875,755136
kvzap-predictor-trace-20260818T072057Z::longbench__gov_report__row000180,longbench__gov_report__row000180,summarization,gov_report,"[4096,8192)",margin_aware_block_coalescing,coalesce_B4_m-0.25,4,-0.25,0.46788158559551696,1.8792809512505664,0.48059683887709365,0.0,0.20691864236848315,0.0003124410488587059,1.8787437503033833,1.796875,1393344
kvzap-predictor-trace-20260818T072057Z::longbench__gov_report__row000180,longbench__gov_report__row000180,summarization,gov_report,"[4096,8192)",margin_aware_block_coalescing,coalesce_B4_m+0.00,4,0.0,0.5053712507464058,2.021718311984538,0.5191053314460958,0.0,0.16841014979948102,0.0002947557064704773,2.021131786454072,1.796875,1393344
kvzap-predictor-trace-20260818T072057Z::longbench__gov_report__row000180,longbench__gov_report__row000180,summarization,gov_report,"[4096,8192)",margin_aware_block_coalescing,coalesce_B4_m+0.25,4,0.25,0.5440235864223049,2.1930958931708147,0.5588080915310215,0.011227589054022175,0.1399349787685775,0.0002711752499528391,2.192460929386514,1.796875,1393344
kvzap-predictor-trace-20260818T072057Z::longbench__gov_report__row000180,longbench__gov_report__row000180,summarization,gov_report,"[4096,8192)",margin_aware_block_coalescing,coalesce_B8_m-0.25,8,-0.25,0.3946075053970879,1.6518209408194233,0.4053314460957773,0.0,0.2821840351497995,0.0009667987172231655,1.651178885296878,1.796875,1393344
kvzap-predictor-trace-20260818T072057Z::longbench__gov_report__row000180,longbench__gov_report__row000180,summarization,gov_report,"[4096,8192)",margin_aware_block_coalescing,coalesce_B8_m+0.00,8,0.0,0.43278759588443344,1.7630079891487267,0.44454912715263034,0.0,0.24296635409294645,0.0008665817770232032,1.762352393576654,1.796875,1393344
kvzap-predictor-trace-20260818T072057Z::longbench__gov_report__row000180,longbench__gov_report__row000180,summarization,gov_report,"[4096,8192)",margin_aware_block_coalescing,coalesce_B8_m+0.25,8,0.25,0.4720499747370355,1.8941186706107533,0.4848785090823307,0.0060273649445623965,0.20866433710780843,0.00077815506508206,1.8934391476871228,1.796875,1393344
kvzap-predictor-trace-20260818T072113Z::longbench__multi_news__row000129,longbench__multi_news__row000129,summarization,multi_news,"[4096,8192)",margin_aware_block_coalescing,coalesce_B4_m-0.25,4,-0.25,0.4643104058138787,1.8667527068904712,0.47606742499175736,0.0,0.20428824596109463,0.00040106364275668073,1.8664119273993087,1.78125,1492704
kvzap-predictor-trace-20260818T072113Z::longbench__multi_news__row000129,longbench__multi_news__row000129,summarization,multi_news,"[4096,8192)",margin_aware_block_coalescing,coalesce_B4_m+0.00,4,0.0,0.5024016817801787,2.0096530944428066,0.5151232278272337,0.0,0.1652324431256182,0.0003653524964838256,2.009293310001346,1.78125,1492704
kvzap-predictor-trace-20260818T072113Z::longbench__multi_news__row000129,longbench__multi_news__row000129,summarization,multi_news,"[4096,8192)",margin_aware_block_coalescing,coalesce_B4_m+0.25,4,0.25,0.5410436362467039,2.1788563771555687,0.5547436531486977,0.011214831300142872,0.13682684910429718,0.00033513537271448663,2.178468435861811,1.78125,1492704
kvzap-predictor-trace-20260818T072113Z::longbench__multi_news__row000129,longbench__multi_news__row000129,summarization,multi_news,"[4096,8192)",margin_aware_block_coalescing,coalesce_B8_m-0.25,8,-0.25,0.38804009368233755,1.6340939817729,0.3978658369051544,0.0,0.28248983404769756,0.0010383702531645569,1.6337559540487532,1.78125,1492704
kvzap-predictor-trace-20260818T072113Z::longbench__multi_news__row000129,longbench__multi_news__row000129,summarization,multi_news,"[4096,8192)",margin_aware_block_coalescing,coalesce_B8_m+0.00,8,0.0,0.42692925054129954,1.7449852412543472,0.4377397241455105,0.0,0.24261594680734147,0.0009614539381153306,1.7446283309957924,1.78125,1492704
kvzap-predictor-trace-20260818T072113Z::longbench__multi_news__row000129,longbench__multi_news__row000129,summarization,multi_news,"[4096,8192)",margin_aware_block_coalescing,coalesce_B8_m+0.25,8,0.25,0.46693919223101166,1.875958587511405,0.47876277612924495,0.0061174304868666885,0.20771032531047368,0.0008460794655414909,1.8755955851309785,1.78125,1492704
kvzap-predictor-trace-20260818T072129Z::longbench__multi_news__row000144,longbench__multi_news__row000144,summarization,multi_news,"[4096,8192)",margin_aware_block_coalescing,coalesce_B4_m-0.25,4,-0.25,0.4621274574461403,1.8591765165255025,0.4735490281264079,0.0,0.2111176814485851,0.00032979407979407977,1.8588983916635045,1.78125,1528416
kvzap-predictor-trace-20260818T072129Z::longbench__multi_news__row000144,longbench__multi_news__row000144,summarization,multi_news,"[4096,8192)",margin_aware_block_coalescing,coalesce_B4_m+0.00,4,0.0,0.500842048238176,2.003373874883507,0.5132204576173006,0.0,0.1714462519576924,0.00029761904761904765,2.0030824395307145,1.78125,1528416
kvzap-predictor-trace-20260818T072129Z::longbench__multi_news__row000144,longbench__multi_news__row000144,summarization,multi_news,"[4096,8192)",margin_aware_block_coalescing,coalesce_B4_m+0.25,4,0.25,0.540418969704583,2.1758948565766603,0.5537755304541846,0.011471943318100877,0.14236312243890928,0.0002708065208065208,2.1755820375441974,1.78125,1528416
kvzap-predictor-trace-20260818T072129Z::longbench__multi_news__row000144,longbench__multi_news__row000144,summarization,multi_news,"[4096,8192)",margin_aware_block_coalescing,coalesce_B8_m-0.25,8,-0.25,0.3806182348261206,1.6145131423416534,0.39002528909484885,0.0,0.2946414204801442,0.0006590792181069959,1.613464965248161,1.78125,1528416
kvzap-predictor-trace-20260818T072129Z::longbench__multi_news__row000144,longbench__multi_news__row000144,summarization,multi_news,"[4096,8192)",margin_aware_block_coalescing,coalesce_B8_m+0.00,8,0.0,0.42099729393044827,1.7271076447782208,0.4314023245585806,0.0,0.2532643850164124,0.0005947788065843621,1.726025169619384,1.78125,1528416
kvzap-predictor-trace-20260818T072129Z::longbench__multi_news__row000144,longbench__multi_news__row000144,summarization,multi_news,"[4096,8192)",margin_aware_block_coalescing,coalesce_B8_m+0.25,8,0.25,0.46111595272491257,1.8556867753955313,0.47251252386775655,0.006044710476067881,0.21819889618330437,0.0005411951303155006,1.8545496903453766,1.78125,1528416
kvzap-predictor-trace-20260818T072147Z::longbench__qmsum__row000016,longbench__qmsum__row000016,summarization,qmsum,"[4096,8192)",margin_aware_block_coalescing,coalesce_B4_m-0.25,4,-0.25,0.4707453634707733,1.8894496731438226,0.4798999375400925,0.0,0.21758995492758026,0.0003100951802349129,1.8889067002388893,1.765625,1932480
kvzap-predictor-trace-20260818T072147Z::longbench__qmsum__row000016,longbench__qmsum__row000016,summarization,qmsum,"[4096,8192)",margin_aware_block_coalescing,coalesce_B4_m+0.00,4,0.0,0.5117734724292101,2.048229548229548,0.5217259191735035,0.0,0.1757639732941693,0.0002657958687727825,2.04768262445165,1.765625,1932480
kvzap-predictor-trace-20260818T072147Z::longbench__qmsum__row000016,longbench__qmsum__row000016,summarization,qmsum,"[4096,8192)",margin_aware_block_coalescing,coalesce_B4_m+0.25,4,0.25,0.5530447921841365,2.237360662798183,0.5637998413180728,0.011873712819473987,0.14556376396907392,0.00023204401242068315,2.2367909328296016,1.765625,1932480
kvzap-predictor-trace-20260818T072147Z::longbench__qmsum__row000016,longbench__qmsum__row000016,summarization,qmsum,"[4096,8192)",margin_aware_block_coalescing,coalesce_B8_m-0.25,8,-0.25,0.38643297731412485,1.6298137986988344,0.39394793038252474,0.0,0.30354196208514805,0.0007045700013500743,1.6293548278304273,1.765625,1932480
kvzap-predictor-trace-20260818T072147Z::longbench__qmsum__row000016,longbench__qmsum__row000016,summarization,qmsum,"[4096,8192)",margin_aware_block_coalescing,coalesce_B8_m+0.00,8,0.0,0.42809653916211293,1.7485468588263398,0.4364217225429623,0.0,0.2610681699247105,0.0006412852706898879,1.7480660264713757,1.765625,1932480
kvzap-predictor-trace-20260818T072147Z::longbench__qmsum__row000016,longbench__qmsum__row000016,summarization,qmsum,"[4096,8192)",margin_aware_block_coalescing,coalesce_B8_m+0.25,8,0.25,0.470230998509687,1.8876151628103242,0.47937556973564266,0.006354662547688983,0.2244689852797191,0.0005906574861617389,1.8870990422323954,1.765625,1932480
kvzap-predictor-trace-20260818T072204Z::longbench__qmsum__row000044,longbench__qmsum__row000044,summarization,qmsum,"[4096,8192)",margin_aware_block_coalescing,coalesce_B4_m-0.25,4,-0.25,0.5205525947976015,2.0857345125850677,0.5336714631051607,0.0,0.20693870184419505,0.000385498687664042,2.085325560957159,1.890625,1499616
kvzap-predictor-trace-20260818T072204Z::longbench__qmsum__row000044,longbench__qmsum__row000044,summarization,qmsum,"[4096,8192)",margin_aware_block_coalescing,coalesce_B4_m+0.00,4,0.0,0.5605154919659433,2.275393061005253,0.574641497670145,0.0,0.1659686672792107,0.00035542432195975504,2.2749443254428177,1.890625,1499616
kvzap-predictor-trace-20260818T072204Z::longbench__qmsum__row000044,longbench__qmsum__row000044,summarization,qmsum,"[4096,8192)",margin_aware_block_coalescing,coalesce_B4_m+0.25,4,0.25,0.6003883660883853,2.502429647033695,0.6155192404454071,0.011489302356106845,0.13658022686005555,0.00031714785651793524,2.501945343521639,1.890625,1499616
kvzap-predictor-trace-20260818T072204Z::longbench__qmsum__row000044,longbench__qmsum__row000044,summarization,qmsum,"[4096,8192)",margin_aware_block_coalescing,coalesce_B8_m-0.25,8,-0.25,0.434752630006615,1.7691369355892852,0.44570918378508456,0.0,0.29490098116427116,0.0008858267716535433,1.7687988903252592,1.890625,1499616
kvzap-predictor-trace-20260818T072204Z::longbench__qmsum__row000044,longbench__qmsum__row000044,summarization,qmsum,"[4096,8192)",margin_aware_block_coalescing,coalesce_B8_m+0.00,8,0.0,0.47631393636771013,1.9095409816025914,0.48831791034980637,0.0,0.25229225459954935,0.0007874015748031496,1.9091909068687363,1.890625,1499616
kvzap-predictor-trace-20260818T072204Z::longbench__qmsum__row000044,longbench__qmsum__row000044,summarization,qmsum,"[4096,8192)",margin_aware_block_coalescing,coalesce_B8_m+0.25,8,0.25,0.5181013005996201,2.0751249199142614,0.5311583918531645,0.0062696889151407755,0.21572146201133208,0.0007053805774278215,2.0747545628617914,1.890625,1499616
kvzap-predictor-trace-20260818T072221Z::longbench__gov_report__row000003,longbench__gov_report__row000003,summarization,gov_report,"[8192,16384)",margin_aware_block_coalescing,coalesce_B4_m-0.25,4,-0.25,0.4478555276062708,1.8111201868320237,0.4545073618524535,0.0,0.21400661728681572,0.00021268368136117557,1.8107764594919455,1.75,2518848
kvzap-predictor-trace-20260818T072221Z::longbench__gov_report__row000003,longbench__gov_report__row000003,summarization,gov_report,"[8192,16384)",margin_aware_block_coalescing,coalesce_B4_m+0.00,4,0.0,0.4871941458952664,1.9500557413600892,0.49443026224181946,0.0,0.17408371689744978,0.00019012632121680846,1.949699516067608,1.75,2518848
kvzap-predictor-trace-20260818T072221Z::longbench__gov_report__row000003,longbench__gov_report__row000003,summarization,gov_report,"[8192,16384)",margin_aware_block_coalescing,coalesce_B4_m+0.25,4,0.25,0.527750781309551,2.1175260019974376,0.5355892705190686,0.011735772672184832,0.14466048129238546,0.00016756896107244135,2.117155796431465,1.75,2518848
kvzap-predictor-trace-20260818T072221Z::longbench__gov_report__row000003,longbench__gov_report__row000003,summarization,gov_report,"[8192,16384)",margin_aware_block_coalescing,coalesce_B8_m-0.25,8,-0.25,0.3765181543308687,1.6038959385044853,0.3821104406797143,0.0,0.28640353845955496,0.00042517006802721087,1.6030874820524832,1.75,2518848
kvzap-predictor-trace-20260818T072221Z::longbench__gov_report__row000003,longbench__gov_report__row000003,summarization,gov_report,"[8192,16384)",margin_aware_block_coalescing,coalesce_B8_m+0.00,8,0.0,0.4158424803719796,1.711867033119388,0.4220188365436683,0.0,0.24649514259560093,0.0003800762729334158,1.7110437249339725,1.75,2518848
kvzap-predictor-trace-20260818T072221Z::longbench__gov_report__row000003,longbench__gov_report__row000003,summarization,gov_report,"[8192,16384)",margin_aware_block_coalescing,coalesce_B8_m+0.25,8,0.25,0.45608151027771426,1.838510767505956,0.4628555220339857,0.00618658299167118,0.2118450400969547,0.0003349824778396207,1.8376737833704928,1.75,2518848
kvzap-predictor-trace-20260818T072239Z::longbench__gov_report__row000057,longbench__gov_report__row000057,summarization,gov_report,"[8192,16384)",margin_aware_block_coalescing,coalesce_B4_m-0.25,4,-0.25,0.4594420033361813,1.8499402583473672,0.4667338293035751,0.0,0.21331370117792933,0.00015837602600121193,1.8495400417630792,1.78125,2359584
kvzap-predictor-trace-20260818T072239Z::longbench__gov_report__row000057,longbench__gov_report__row000057,summarization,gov_report,"[8192,16384)",margin_aware_block_coalescing,coalesce_B4_m+0.00,4,0.0,0.4983653898314279,1.9934828652750942,0.5062749707239788,0.0,0.17377255975752565,0.00013943976202280615,1.9930736925327648,1.78125,2359584
kvzap-predictor-trace-20260818T072239Z::longbench__gov_report__row000057,longbench__gov_report__row000057,summarization,gov_report,"[8192,16384)",margin_aware_block_coalescing,coalesce_B4_m+0.25,4,0.25,0.5385593392733634,2.1671258844534576,0.5471068402562513,0.011667355514224702,0.14460804573947786,0.00011706054095741751,2.166719925951229,1.78125,2359584
kvzap-predictor-trace-20260818T072239Z::longbench__gov_report__row000057,longbench__gov_report__row000057,summarization,gov_report,"[8192,16384)",margin_aware_block_coalescing,coalesce_B8_m-0.25,8,-0.25,0.38400836757665757,1.623398675183215,0.39010298270992627,0.0,0.28994454777157813,0.00031659508864662484,1.622679709076505,1.78125,2359584
kvzap-predictor-trace-20260818T072239Z::longbench__gov_report__row000057,longbench__gov_report__row000057,summarization,gov_report,"[8192,16384)",margin_aware_block_coalescing,coalesce_B8_m+0.00,8,0.0,0.42327418731437405,1.733926205493253,0.42999199214713785,0.0,0.2500555383343666,0.00027874132804757185,1.7332040546496255,1.78125,2359584
kvzap-predictor-trace-20260818T072239Z::longbench__gov_report__row000057,longbench__gov_report__row000057,summarization,gov_report,"[8192,16384)",margin_aware_block_coalescing,coalesce_B8_m+0.25,8,0.25,0.4626120536501349,1.8608530518638624,0.46995419163739066,0.005987807398222774,0.21608114624233657,0.00023400506552141834,1.8601547669351228,1.78125,2359584
kvzap-predictor-trace-20260818T072258Z::longbench__multi_news__row000073,longbench__multi_news__row000073,summarization,multi_news,"[8192,16384)",margin_aware_block_coalescing,coalesce_B4_m-0.25,4,-0.25,0.4489724164724165,1.8147911826812235,0.4530274876909085,0.0,0.21810220466020636,0.0,1.8147911826812235,1.734375,4118400
kvzap-predictor-trace-20260818T072258Z::longbench__multi_news__row000073,longbench__multi_news__row000073,summarization,multi_news,"[8192,16384)",margin_aware_block_coalescing,coalesce_B4_m+0.00,4,0.0,0.4893104118104118,1.958136651160314,0.49372981152193685,0.0,0.17739988082917804,0.0,1.958136651160314,1.734375,4118400
kvzap-predictor-trace-20260818T072258Z::longbench__multi_news__row000073,longbench__multi_news__row000073,summarization,multi_news,"[8192,16384)",margin_aware_block_coalescing,coalesce_B4_m+0.25,4,0.25,0.5312567987567988,2.13336427567973,0.5360550537836736,0.012069720810988805,0.14714435937843007,0.0,2.13336427567973,1.734375,4118400
kvzap-predictor-trace-20260818T072258Z::longbench__multi_news__row000073,longbench__multi_news__row000073,summarization,multi_news,"[8192,16384)",margin_aware_block_coalescing,coalesce_B8_m-0.25,8,-0.25,0.37410159285159283,1.5977033789812625,0.37748043873678927,0.0,0.2936492536143256,0.0003742632304991221,1.5972299787780633,1.734375,4118400
kvzap-predictor-trace-20260818T072258Z::longbench__multi_news__row000073,longbench__multi_news__row000073,summarization,multi_news,"[8192,16384)",margin_aware_block_coalescing,coalesce_B8_m+0.00,8,0.0,0.41380827505827505,1.705926503993916,0.4175457474833004,0.0,0.2535839448678145,0.0003507493102583396,1.7054207068816443,1.734375,4118400
kvzap-predictor-trace-20260818T072258Z::longbench__multi_news__row000073,longbench__multi_news__row000073,summarization,multi_news,"[8192,16384)",margin_aware_block_coalescing,coalesce_B8_m+0.25,8,0.25,0.45465423465423466,1.8336990282962413,0.4587606234515633,0.00627116850127011,0.21864023740082164,0.0003291948833709556,1.8331505405443902,1.734375,4118400
kvzap-predictor-trace-20260818T072318Z::longbench__qmsum__row000010,longbench__qmsum__row000010,summarization,qmsum,"[8192,16384)",margin_aware_block_coalescing,coalesce_B4_m-0.25,4,-0.25,0.42844871295536047,1.7496242641159472,0.43194068591036117,0.0,0.23413633308571227,0.00010875562346150581,1.7493765796512528,1.65625,4559904
kvzap-predictor-trace-20260818T072318Z::longbench__qmsum__row000010,longbench__qmsum__row000010,summarization,qmsum,"[8192,16384)",margin_aware_block_coalescing,coalesce_B4_m+0.00,4,0.0,0.46999958771061845,1.8867909850870033,0.47383021153914184,0.0,0.19224680745693162,9.814531873355403e-05,1.8865310431908862,1.65625,4559904
kvzap-predictor-trace-20260818T072318Z::longbench__qmsum__row000010,longbench__qmsum__row000010,summarization,qmsum,"[8192,16384)",margin_aware_block_coalescing,coalesce_B4_m+0.25,4,0.25,0.5138656427854621,2.0570444881324983,0.518053786833634,0.012636191587958541,0.16065942375039796,9.018759018759019e-05,2.0567605699872624,1.65625,4559904
kvzap-predictor-trace-20260818T072318Z::longbench__qmsum__row000010,longbench__qmsum__row000010,summarization,qmsum,"[8192,16384)",margin_aware_block_coalescing,coalesce_B8_m-0.25,8,-0.25,0.343174987894482,1.52247551717679,0.345971956913934,0.0,0.32010506208213946,0.00021745587236931432,1.5220379716414323,1.65625,4559904
kvzap-predictor-trace-20260818T072318Z::longbench__qmsum__row000010,longbench__qmsum__row000010,summarization,qmsum,"[8192,16384)",margin_aware_block_coalescing,coalesce_B8_m+0.00,8,0.0,0.38289073629620274,1.6204585781100578,0.38601139941278434,0.0,0.2800656195832891,0.0001962406653088934,1.6200112550519836,1.65625,4559904
kvzap-predictor-trace-20260818T072318Z::longbench__qmsum__row000010,longbench__qmsum__row000010,summarization,qmsum,"[8192,16384)",margin_aware_block_coalescing,coalesce_B8_m+0.25,8,0.25,0.42403568145294285,1.7362186645912832,0.42749168700696877,0.00621462556156921,0.24479995755067388,0.00018032926001357774,1.73574678271038,1.65625,4559904
kvzap-predictor-trace-20260818T072338Z::longbench__qmsum__row000036,longbench__qmsum__row000036,summarization,qmsum,"[8192,16384)",margin_aware_block_coalescing,coalesce_B4_m-0.25,4,-0.25,0.45084883631909356,1.8209922260695908,0.4562135896005702,0.0,0.22648559594269366,0.00012778810408921933,1.8206781196640764,1.6875,3134880
kvzap-predictor-trace-20260818T072338Z::longbench__qmsum__row000036,longbench__qmsum__row000036,summarization,qmsum,"[8192,16384)",margin_aware_block_coalescing,coalesce_B4_m+0.00,4,0.0,0.49291934619506966,1.9720728694664253,0.4987847060828608,0.0,0.18391447946040304,0.00011488021478727798,1.9717416900643057,1.6875,3134880
kvzap-predictor-trace-20260818T072338Z::longbench__qmsum__row000036,longbench__qmsum__row000036,summarization,qmsum,"[8192,16384)",margin_aware_block_coalescing,coalesce_B4_m+0.25,4,0.25,0.5358527280151074,2.154488586615131,0.5422289620195635,0.012355972338425624,0.15282619586212595,9.551838083436596e-05,2.1541599210592137,1.6875,3134880
kvzap-predictor-trace-20260818T072338Z::longbench__qmsum__row000036,longbench__qmsum__row000036,summarization,qmsum,"[8192,16384)",margin_aware_block_coalescing,coalesce_B8_m-0.25,8,-0.25,0.36645389935180933,1.5784171017340092,0.37081441800171466,0.0,0.31188476754154915,0.0003898182569186287,1.5780571686305462,1.6875,3134880
kvzap-predictor-trace-20260818T072338Z::longbench__qmsum__row000036,longbench__qmsum__row000036,summarization,qmsum,"[8192,16384)",margin_aware_block_coalescing,coalesce_B8_m+0.00,8,0.0,0.4077176797835962,1.688384011926318,0.41256920558189497,0.0,0.27012997996136884,0.00036658405617513425,1.687996726184066,1.6875,3134880
kvzap-predictor-trace-20260818T072338Z::longbench__qmsum__row000036,longbench__qmsum__row000036,summarization,qmsum,"[8192,16384)",margin_aware_block_coalescing,coalesce_B8_m+0.25,8,0.25,0.44910586689123666,1.8152308037061078,0.4544498801813806,0.0062459328809147535,0.23449523824279797,0.00034851301115241634,1.8148052092402882,1.6875,3134880
kvzap-predictor-trace-20260818T072355Z::longbench__2wikimqa__row000062,longbench__2wikimqa__row000062,reasoning,2wikimqa,"[1024,4096)",margin_aware_block_coalescing,coalesce_B4_m-0.25,4,-0.25,0.4751578001911731,1.9053345945967162,0.4939121012779662,0.0,0.19444123239798541,0.0005565830935744622,1.9048486085168501,1.875,970848
kvzap-predictor-trace-20260818T072355Z::longbench__2wikimqa__row000062,longbench__2wikimqa__row000062,reasoning,2wikimqa,"[1024,4096)",margin_aware_block_coalescing,coalesce_B4_m+0.00,4,0.0,0.509830581100234,2.0401109523409264,0.5299534039127008,0.0,0.15839992976325076,0.0005137690094533497,2.0395966386554623,1.875,970848
kvzap-predictor-trace-20260818T072355Z::longbench__2wikimqa__row000062,longbench__2wikimqa__row000062,reasoning,2wikimqa,"[1024,4096)",margin_aware_block_coalescing,coalesce_B4_m+0.25,4,0.25,0.543689640396849,2.1914908985842243,0.5651488676465549,0.00988989104738411,0.13309435707678074,0.00047951774215645977,2.1909369922368658,1.875,970848
kvzap-predictor-trace-20260818T072355Z::longbench__2wikimqa__row000062,longbench__2wikimqa__row000062,reasoning,2wikimqa,"[1024,4096)",margin_aware_block_coalescing,coalesce_B8_m-0.25,8,-0.25,0.40884875902303963,1.6916144815112961,0.4249858669955802,0.0,0.2633674666803714,0.0011117952928297757,1.6897007838932903,1.875,970848
kvzap-predictor-trace-20260818T072355Z::longbench__2wikimqa__row000062,longbench__2wikimqa__row000062,reasoning,2wikimqa,"[1024,4096)",margin_aware_block_coalescing,coalesce_B8_m+0.00,8,0.0,0.4454579913642506,1.8032898940517408,0.46304005207797994,0.0,0.2253132815979717,0.001026272577996716,1.801282431870807,1.875,970848
kvzap-predictor-trace-20260818T072355Z::longbench__2wikimqa__row000062,longbench__2wikimqa__row000062,reasoning,2wikimqa,"[1024,4096)",margin_aware_block_coalescing,coalesce_B8_m+0.25,8,0.25,0.47989386598108047,1.9226844957064546,0.4988350978175215,0.005300947339568986,0.1948191831979991,0.0009578544061302681,1.92055453567133,1.875,970848
kvzap-predictor-trace-20260818T072412Z::longbench__2wikimqa__row000089,longbench__2wikimqa__row000089,reasoning,2wikimqa,"[1024,4096)",margin_aware_block_coalescing,coalesce_B4_m-0.25,4,-0.25,0.47446170282708744,1.9028108995660502,0.49061788744051316,0.0,0.19189131270136855,0.00043956855791962173,1.9024260922173355,1.84375,1119456
kvzap-predictor-trace-20260818T072412Z::longbench__2wikimqa__row000089,longbench__2wikimqa__row000089,reasoning,2wikimqa,"[1024,4096)",margin_aware_block_coalescing,coalesce_B4_m+0.00,4,0.0,0.509442086156133,2.038495296435634,0.5267894091218114,0.0,0.15571979102007036,0.000391548463356974,2.0381018963558506,1.84375,1119456
kvzap-predictor-trace-20260818T072412Z::longbench__2wikimqa__row000089,longbench__2wikimqa__row000089,reasoning,2wikimqa,"[1024,4096)",margin_aware_block_coalescing,coalesce_B4_m+0.25,4,0.25,0.5431289840779807,2.1888015767029625,0.56162340013597,0.009904008158198103,0.13078980816410984,0.00034352836879432625,2.1884036438988153,1.84375,1119456
kvzap-predictor-trace-20260818T072412Z::longbench__2wikimqa__row000089,longbench__2wikimqa__row000089,reasoning,2wikimqa,"[1024,4096)",margin_aware_block_coalescing,coalesce_B8_m-0.25,8,-0.25,0.4084394563073493,1.6904440478024119,0.4223474771659129,0.0,0.2601617229759688,0.00116725768321513,1.690040822242083,1.84375,1119456
kvzap-predictor-trace-20260818T072412Z::longbench__2wikimqa__row000089,longbench__2wikimqa__row000089,reasoning,2wikimqa,"[1024,4096)",margin_aware_block_coalescing,coalesce_B8_m+0.00,8,0.0,0.44616134979847355,1.805580018000058,0.4613538618426887,0.0,0.22115533829919304,0.0010786052009456265,1.8051549317577853,1.84375,1119456
kvzap-predictor-trace-20260818T072412Z::longbench__2wikimqa__row000089,longbench__2wikimqa__row000089,reasoning,2wikimqa,"[1024,4096)",margin_aware_block_coalescing,coalesce_B8_m+0.25,8,0.25,0.4805548409227339,1.9251310413141276,0.496918506695043,0.005226345659306553,0.19081703910614525,0.0010047281323877068,1.924680897887324,1.84375,1119456
kvzap-predictor-trace-20260818T072428Z::longbench__2wikimqa__row000106,longbench__2wikimqa__row000106,reasoning,2wikimqa,"[1024,4096)",margin_aware_block_coalescing,coalesce_B4_m-0.25,4,-0.25,0.48343562753850483,1.9358671509513372,0.5069194075479654,0.0,0.19038846721484293,0.000669153599730231,1.9352692251568655,1.90625,795744
kvzap-predictor-trace-20260818T072428Z::longbench__2wikimqa__row000106,longbench__2wikimqa__row000106,reasoning,2wikimqa,"[1024,4096)",margin_aware_block_coalescing,coalesce_B4_m+0.00,4,0.0,0.5176086781678529,2.073005783358516,0.5427524773350201,0.0,0.15455539742778832,0.0006322711178553364,2.072357935309131,1.90625,795744
kvzap-predictor-trace-20260818T072428Z::longbench__2wikimqa__row000106,longbench__2wikimqa__row000106,reasoning,2wikimqa,"[1024,4096)",margin_aware_block_coalescing,coalesce_B4_m+0.25,4,0.25,0.551145845900189,2.2278951656480195,0.5779187750368965,0.009994992620704196,0.12938409234661608,0.000563775080087675,2.2272279444693237,1.90625,795744
kvzap-predictor-trace-20260818T072428Z::longbench__2wikimqa__row000106,longbench__2wikimqa__row000106,reasoning,2wikimqa,"[1024,4096)",margin_aware_block_coalescing,coalesce_B8_m-0.25,8,-0.25,0.41697204125950055,1.7151836117092476,0.43722722960151805,0.0,0.2600806451612903,0.0013362794612794614,1.7128392340542775,1.90625,795744
kvzap-predictor-trace-20260818T072428Z::longbench__2wikimqa__row000106,longbench__2wikimqa__row000106,reasoning,2wikimqa,"[1024,4096)",margin_aware_block_coalescing,coalesce_B8_m+0.00,8,0.0,0.45339204568303376,1.8294647783704248,0.47541640312038796,0.0,0.2218914716424204,0.0012626262626262627,1.826944623014051,1.90625,795744
kvzap-predictor-trace-20260818T072428Z::longbench__2wikimqa__row000106,longbench__2wikimqa__row000106,reasoning,2wikimqa,"[1024,4096)",margin_aware_block_coalescing,coalesce_B8_m+0.25,8,0.25,0.4872509249205775,1.9502716798564765,0.5109200400590344,0.0053157284419144005,0.19170356314568837,0.0011258417508417508,1.9477177935734007,1.90625,795744
kvzap-predictor-trace-20260818T072443Z::longbench__2wikimqa__row000118,longbench__2wikimqa__row000118,reasoning,2wikimqa,"[1024,4096)",margin_aware_block_coalescing,coalesce_B4_m-0.25,4,-0.25,0.477512378804376,1.9139209417280934,0.5078456713537358,0.0,0.1930624483043838,0.0008336089065255731,1.913203055252455,1.90625,617184
kvzap-predictor-trace-20260818T072443Z::longbench__2wikimqa__row000118,longbench__2wikimqa__row000118,reasoning,2wikimqa,"[1024,4096)",margin_aware_block_coalescing,coalesce_B4_m+0.00,4,0.0,0.5109513532431171,2.0447863553686974,0.5434088089330025,0.0,0.15749931072511716,0.0007647156084656084,2.0440346554327955,1.90625,617184
kvzap-predictor-trace-20260818T072443Z::longbench__2wikimqa__row000118,longbench__2wikimqa__row000118,reasoning,2wikimqa,"[1024,4096)",margin_aware_block_coalescing,coalesce_B4_m+0.25,4,0.25,0.5449768626536009,2.1976904423625427,0.5795957402812242,0.010199545078577336,0.13151192445547286,0.0006544863315696649,2.1969472605080305,1.90625,617184
kvzap-predictor-trace-20260818T072443Z::longbench__2wikimqa__row000118,longbench__2wikimqa__row000118,reasoning,2wikimqa,"[1024,4096)",margin_aware_block_coalescing,coalesce_B8_m-0.25,8,-0.25,0.4092004977445948,1.6926216020535774,0.43519437551695617,0.0,0.2657137441411635,0.001984126984126984,1.6919534179880256,1.90625,617184
kvzap-predictor-trace-20260818T072443Z::longbench__2wikimqa__row000118,longbench__2wikimqa__row000118,reasoning,2wikimqa,"[1024,4096)",margin_aware_block_coalescing,coalesce_B8_m+0.00,8,0.0,0.44461457199149684,1.8005513821019619,0.4728580783016267,0.0,0.22805004135649298,0.0018876763668430334,1.7998320268757,1.90625,617184
kvzap-predictor-trace-20260818T072443Z::longbench__2wikimqa__row000118,longbench__2wikimqa__row000118,reasoning,2wikimqa,"[1024,4096)",margin_aware_block_coalescing,coalesce_B8_m+0.25,8,0.25,0.4791520843054907,1.9199462450887983,0.5095895368072787,0.005376344086021506,0.1966949269368624,0.001722332451499118,1.9191999601970247,1.90625,617184
kvzap-predictor-trace-20260818T072458Z::longbench__2wikimqa__row000134,longbench__2wikimqa__row000134,reasoning,2wikimqa,"[1024,4096)",margin_aware_block_coalescing,coalesce_B4_m-0.25,4,-0.25,0.47669552910760454,1.9109334156742281,0.49359307209452596,0.0,0.19845322163758886,0.0005729358927033345,1.910428272362772,1.84375,1076832
kvzap-predictor-trace-20260818T072458Z::longbench__2wikimqa__row000134,longbench__2wikimqa__row000134,reasoning,2wikimqa,"[1024,4096)",margin_aware_block_coalescing,coalesce_B4_m+0.00,4,0.0,0.5124949852901846,2.051260950813489,0.5306615203544724,0.0,0.1613847733776424,0.0005344838193675403,2.0507179584840984,1.84375,1076832
kvzap-predictor-trace-20260818T072458Z::longbench__2wikimqa__row000134,longbench__2wikimqa__row000134,reasoning,2wikimqa,"[1024,4096)",margin_aware_block_coalescing,coalesce_B4_m+0.25,4,0.25,0.5472757124602537,2.2088499060528237,0.5666751284654913,0.010128196252192375,0.13549936151881598,0.0004921865386981666,2.2082701031096965,1.84375,1076832
kvzap-predictor-trace-20260818T072458Z::longbench__2wikimqa__row000134,longbench__2wikimqa__row000134,reasoning,2wikimqa,"[1024,4096)",margin_aware_block_coalescing,coalesce_B8_m-0.25,8,-0.25,0.40816116162966926,1.689649166576444,0.4226293501338503,0.0,0.26941694359826457,0.0011446042281219272,1.6876763168123174,1.84375,1076832
kvzap-predictor-trace-20260818T072458Z::longbench__2wikimqa__row000134,longbench__2wikimqa__row000134,reasoning,2wikimqa,"[1024,4096)",margin_aware_block_coalescing,coalesce_B8_m+0.00,8,0.0,0.4456693337493685,1.8039774107461457,0.4614670836025724,0.0,0.23057921012954244,0.0010677851524090462,1.8018794677518675,1.84375,1076832
kvzap-predictor-trace-20260818T072458Z::longbench__2wikimqa__row000134,longbench__2wikimqa__row000134,reasoning,2wikimqa,"[1024,4096)",margin_aware_block_coalescing,coalesce_B8_m+0.25,8,0.25,0.4813155626875873,1.9279545096466477,0.498376873134558,0.005483822579156282,0.19915324317671312,0.0009832841691248771,1.9257478861753723,1.84375,1076832
kvzap-predictor-trace-20260818T072514Z::longbench__2wikimqa__row000055,longbench__2wikimqa__row000055,reasoning,2wikimqa,"[4096,8192)",margin_aware_block_coalescing,coalesce_B4_m-0.25,4,-0.25,0.46910459980199526,1.8836102170541245,0.4832362516670589,0.0,0.2052092322376507,0.000320110797533187,1.882783094956447,1.8125,1260576
kvzap-predictor-trace-20260818T072514Z::longbench__2wikimqa__row000055,longbench__2wikimqa__row000055,reasoning,2wikimqa,"[4096,8192)",margin_aware_block_coalescing,coalesce_B4_m+0.00,4,0.0,0.5065771520320869,2.0266592925689353,0.5218376546115426,0.0,0.16660782929316703,0.0002384498797951291,2.025945973745452,1.8125,1260576
kvzap-predictor-trace-20260818T072514Z::longbench__2wikimqa__row000055,longbench__2wikimqa__row000055,reasoning,2wikimqa,"[4096,8192)",margin_aware_block_coalescing,coalesce_B4_m+0.25,4,0.25,0.5435943568654329,2.19103338234834,0.5599699929395152,0.010689606704845584,0.13916509767004,0.0002025190759903836,2.190325271059216,1.8125,1260576
kvzap-predictor-trace-20260818T072514Z::longbench__2wikimqa__row000055,longbench__2wikimqa__row000055,reasoning,2wikimqa,"[4096,8192)",margin_aware_block_coalescing,coalesce_B8_m-0.25,8,-0.25,0.39606497347244435,1.6558072575285103,0.40799632593289925,0.0,0.28044915797181036,0.0006396198830409356,1.654316580751504,1.8125,1260576
kvzap-predictor-trace-20260818T072514Z::longbench__2wikimqa__row000055,longbench__2wikimqa__row000055,reasoning,2wikimqa,"[4096,8192)",margin_aware_block_coalescing,coalesce_B8_m+0.00,8,0.0,0.43553343868199934,1.77158412655136,0.44865376820689834,0.0,0.23979171569781124,0.00047645154553049287,1.7703127808736294,1.8125,1260576
kvzap-predictor-trace-20260818T072514Z::longbench__2wikimqa__row000055,longbench__2wikimqa__row000055,reasoning,2wikimqa,"[4096,8192)",margin_aware_block_coalescing,coalesce_B8_m+0.25,8,0.25,0.4731947934912294,1.8982348459066556,0.4874496613582281,0.0056606456421118695,0.2066564681885934,0.00040465747702589806,1.8969950881248194,1.8125,1260576
kvzap-predictor-trace-20260818T072530Z::longbench__2wikimqa__row000167,longbench__2wikimqa__row000167,reasoning,2wikimqa,"[4096,8192)",margin_aware_block_coalescing,coalesce_B4_m-0.25,4,-0.25,0.4836729127703448,1.9367568053914896,0.4974124007496178,0.0,0.19898314592888494,0.0003481465049788031,1.9361218142147532,1.875,1334592
kvzap-predictor-trace-20260818T072530Z::longbench__2wikimqa__row000167,longbench__2wikimqa__row000167,reasoning,2wikimqa,"[4096,8192)",margin_aware_block_coalescing,coalesce_B4_m+0.00,4,0.0,0.5202563779791877,2.0844466796405223,0.535035076687873,0.0,0.16136046999062978,0.00031733707975944,2.083776238625505,1.875,1334592
kvzap-predictor-trace-20260818T072530Z::longbench__2wikimqa__row000167,longbench__2wikimqa__row000167,reasoning,2wikimqa,"[4096,8192)",margin_aware_block_coalescing,coalesce_B4_m+0.25,4,0.25,0.5558807485733468,2.2516474950988496,0.5716714134240766,0.010295685998915028,0.13501981925334122,0.0002865276545400769,2.250941130435956,1.875,1334592
kvzap-predictor-trace-20260818T072530Z::longbench__2wikimqa__row000167,longbench__2wikimqa__row000167,reasoning,2wikimqa,"[4096,8192)",margin_aware_block_coalescing,coalesce_B8_m-0.25,8,-0.25,0.4134821728288496,1.7049780137513062,0.4252277827094738,0.0,0.271167763969029,0.0006956757289204098,1.7035025017869907,1.875,1334592
kvzap-predictor-trace-20260818T072530Z::longbench__2wikimqa__row000167,longbench__2wikimqa__row000167,reasoning,2wikimqa,"[4096,8192)",margin_aware_block_coalescing,coalesce_B8_m+0.00,8,0.0,0.4524124226729967,1.826191903186345,0.4652639073827489,0.0,0.2311316392957538,0.0006341115051221435,1.8246489040556504,1.875,1334592
kvzap-predictor-trace-20260818T072530Z::longbench__2wikimqa__row000167,longbench__2wikimqa__row000167,reasoning,2wikimqa,"[4096,8192)",margin_aware_block_coalescing,coalesce_B8_m+0.25,8,0.25,0.4893105908022826,1.9581373374689317,0.5032102258716773,0.005555093209054594,0.19874041401588005,0.000572547281323877,1.9565355069489239,1.875,1334592
kvzap-predictor-trace-20260818T072546Z::longbench__musique__row000068,longbench__musique__row000068,reasoning,musique,"[4096,8192)",margin_aware_block_coalescing,coalesce_B4_m-0.25,4,-0.25,0.45939147591446444,1.8497673555768408,0.468223273588999,0.0,0.2102942158138914,0.00026276276276276277,1.8493262679788038,1.75,1954368
kvzap-predictor-trace-20260818T072546Z::longbench__musique__row000068,longbench__musique__row000068,reasoning,musique,"[4096,8192)",margin_aware_block_coalescing,coalesce_B4_m+0.00,4,0.0,0.49885282607983755,1.9954218082836273,0.5084432679149561,0.0,0.1700742214879343,0.00023982315648982315,1.9949533305568485,1.75,1954368
kvzap-predictor-trace-20260818T072546Z::longbench__musique__row000068,longbench__musique__row000068,reasoning,musique,"[4096,8192)",margin_aware_block_coalescing,coalesce_B4_m+0.25,4,0.25,0.5383059894554147,2.1659366965156486,0.5486549180601449,0.011415360802376423,0.141277932145122,0.00021688355021688355,2.165437526591973,1.75,1954368
kvzap-predictor-trace-20260818T072546Z::longbench__musique__row000068,longbench__musique__row000068,reasoning,musique,"[4096,8192)",margin_aware_block_coalescing,coalesce_B8_m-0.25,8,-0.25,0.38539108294855423,1.6270509136077098,0.3928002236240446,0.0,0.2857172657788458,0.0005252100840336134,1.6260275157912953,1.75,1954368
kvzap-predictor-trace-20260818T072546Z::longbench__musique__row000068,longbench__musique__row000068,reasoning,musique,"[4096,8192)",margin_aware_block_coalescing,coalesce_B8_m+0.00,8,0.0,0.425591290893015,1.7409206792053489,0.43377328026434364,0.0,0.24474420913854678,0.00047935841003067894,1.7398512947611315,1.75,1954368
kvzap-predictor-trace-20260818T072546Z::longbench__musique__row000068,longbench__musique__row000068,reasoning,musique,"[4096,8192)",margin_aware_block_coalescing,coalesce_B8_m+0.25,8,0.25,0.465734191308904,1.8717274879519457,0.4746879276392644,0.006110547878909248,0.2099401096425353,0.00043350673602774446,1.870609585212524,1.75,1954368
kvzap-predictor-trace-20260818T072604Z::longbench__musique__row000135,longbench__musique__row000135,reasoning,musique,"[4096,8192)",margin_aware_block_coalescing,coalesce_B4_m-0.25,4,-0.25,0.4538051237026568,1.830848371883316,0.4613932433413165,0.0,0.21174159953552507,0.0002576047834668524,1.8306360458658653,1.75,2241504
kvzap-predictor-trace-20260818T072604Z::longbench__musique__row000135,longbench__musique__row000135,reasoning,musique,"[4096,8192)",margin_aware_block_coalescing,coalesce_B4_m+0.00,4,0.0,0.4933218945850643,1.9736396526963929,0.5015707779955004,0.0,0.17156406488134118,0.00023039301056542436,1.9734189785957277,1.75,2241504
kvzap-predictor-trace-20260818T072604Z::longbench__musique__row000135,longbench__musique__row000135,reasoning,musique,"[4096,8192)",margin_aware_block_coalescing,coalesce_B4_m+0.25,4,0.25,0.5330536996588006,2.141573879628763,0.5419669424486537,0.011518433848610204,0.14268633427679803,0.00021406594682456752,2.141332467185082,1.75,2241504
kvzap-predictor-trace-20260818T072604Z::longbench__musique__row000135,longbench__musique__row000135,reasoning,musique,"[4096,8192)",margin_aware_block_coalescing,coalesce_B8_m-0.25,8,-0.25,0.379535347695119,1.611695358124325,0.3858815951810726,0.0,0.28725324769576893,0.0006748519679554162,1.611479841260712,1.75,2241504
kvzap-predictor-trace-20260818T072604Z::longbench__musique__row000135,longbench__musique__row000135,reasoning,musique,"[4096,8192)",margin_aware_block_coalescing,coalesce_B8_m+0.00,8,0.0,0.4200626008251602,1.7243240415652512,0.42708650845489515,0.0,0.24604833442194643,0.0006240566585394171,1.7240959184803677,1.75,2241504
kvzap-predictor-trace-20260818T072604Z::longbench__musique__row000135,longbench__musique__row000135,reasoning,musique,"[4096,8192)",margin_aware_block_coalescing,coalesce_B8_m+0.25,8,0.25,0.4602735484745956,1.8527904222106317,0.46796982727338704,0.006123902315117207,0.21128891791857174,0.0005841460582839893,1.8525438857482892,1.75,2241504
kvzap-predictor-trace-20260818T072622Z::longbench__musique__row000191,longbench__musique__row000191,reasoning,musique,"[4096,8192)",margin_aware_block_coalescing,coalesce_B4_m-0.25,4,-0.25,0.45058228389778704,1.8201087636823878,0.4577459321823376,0.0,0.2152911474074994,0.00021733730750124193,1.819931577337079,1.734375,2355552
kvzap-predictor-trace-20260818T072622Z::longbench__musique__row000191,longbench__musique__row000191,reasoning,musique,"[4096,8192)",margin_aware_block_coalescing,coalesce_B4_m+0.00,4,0.0,0.4907834766543044,1.9638011614975082,0.49858626947653156,0.0,0.17445081011330546,0.00018973891924711596,1.9636210857655412,1.734375,2355552
kvzap-predictor-trace-20260818T072622Z::longbench__musique__row000191,longbench__musique__row000191,reasoning,musique,"[4096,8192)",margin_aware_block_coalescing,coalesce_B4_m+0.25,4,0.25,0.5310542921574222,2.1324430169125117,0.5394973364247367,0.011617345671345175,0.14515708883644543,0.0001690401280565215,2.1322538480199578,1.734375,2355552
kvzap-predictor-trace-20260818T072622Z::longbench__musique__row000191,longbench__musique__row000191,reasoning,musique,"[4096,8192)",margin_aware_block_coalescing,coalesce_B8_m-0.25,8,-0.25,0.37511632093029573,1.6002978370130425,0.3810801625746974,0.0,0.2919569170151396,0.0004344587884806355,1.599613194836803,1.734375,2355552
kvzap-predictor-trace-20260818T072622Z::longbench__musique__row000191,longbench__musique__row000191,reasoning,musique,"[4096,8192)",margin_aware_block_coalescing,coalesce_B8_m+0.00,8,0.0,0.4162073263506813,1.7129368783423529,0.4228244593494252,0.0,0.2502126202404118,0.00037928941851484056,1.712252054220966,1.734375,2355552
kvzap-predictor-trace-20260818T072622Z::longbench__musique__row000191,longbench__musique__row000191,reasoning,musique,"[4096,8192)",margin_aware_block_coalescing,coalesce_B8_m+0.25,8,0.25,0.45687889717569385,1.8412099894477665,0.4641426530865731,0.006148304558439946,0.21504273106170385,0.0003379123910404943,1.8405050631328916,1.734375,2355552
kvzap-predictor-trace-20260818T072640Z::longbench__2wikimqa__row000017,longbench__2wikimqa__row000017,reasoning,2wikimqa,"[8192,16384)",margin_aware_block_coalescing,coalesce_B4_m-0.25,4,-0.25,0.4506262791119401,1.820254522519761,0.45745233399079555,0.0,0.2128887245233399,0.00018075932060787717,1.8199595116647072,1.765625,2470464
kvzap-predictor-trace-20260818T072640Z::longbench__2wikimqa__row000017,longbench__2wikimqa__row000017,reasoning,2wikimqa,"[8192,16384)",margin_aware_block_coalescing,coalesce_B4_m+0.00,4,0.0,0.49017998238387606,1.9614765318080623,0.4976051939513478,0.0,0.17273586456278764,0.00016761318820003156,1.961158882778067,1.765625,2470464
kvzap-predictor-trace-20260818T072640Z::longbench__2wikimqa__row000017,longbench__2wikimqa__row000017,reasoning,2wikimqa,"[8192,16384)",margin_aware_block_coalescing,coalesce_B4_m+0.25,4,0.25,0.5296729683168829,2.126180152608686,0.5376964168310322,0.011342455621301775,0.143987097304405,0.00013967765683335962,2.1258691192466026,1.765625,2470464
kvzap-predictor-trace-20260818T072640Z::longbench__2wikimqa__row000017,longbench__2wikimqa__row000017,reasoning,2wikimqa,"[8192,16384)",margin_aware_block_coalescing,coalesce_B8_m-0.25,8,-0.25,0.37714210771741663,1.6055026554055636,0.3828550295857988,0.0,0.28748602892833663,0.0003613476295595501,1.604814318231424,1.765625,2470464
kvzap-predictor-trace-20260818T072640Z::longbench__2wikimqa__row000017,longbench__2wikimqa__row000017,reasoning,2wikimqa,"[8192,16384)",margin_aware_block_coalescing,coalesce_B8_m+0.00,8,0.0,0.4176106188958835,1.7170642742561018,0.42393655489809334,0.0,0.24640450361604208,0.0003350678019552192,1.7163342096341212,1.765625,2470464
kvzap-predictor-trace-20260818T072640Z::longbench__2wikimqa__row000017,longbench__2wikimqa__row000017,reasoning,2wikimqa,"[8192,16384)",margin_aware_block_coalescing,coalesce_B8_m+0.25,8,0.25,0.45772373125048577,1.8440784847656968,0.46465729783037474,0.006111932938856016,0.2117956936226167,0.000279223168296016,1.8433767303594133,1.765625,2470464
kvzap-predictor-trace-20260818T072657Z::longbench__2wikimqa__row000083,longbench__2wikimqa__row000083,reasoning,2wikimqa,"[8192,16384)",margin_aware_block_coalescing,coalesce_B4_m-0.25,4,-0.25,0.4559718267151822,1.8381400984475578,0.46300368139223563,0.0,0.21106718540829986,0.0,1.8381400984475578,1.78125,2427264
kvzap-predictor-trace-20260818T072657Z::longbench__2wikimqa__row000083,longbench__2wikimqa__row000083,reasoning,2wikimqa,"[8192,16384)",margin_aware_block_coalescing,coalesce_B4_m+0.00,4,0.0,0.4951138401096873,1.9806445084912836,0.5027493306559572,0.0,0.17132153614457832,0.0,1.9806445084912836,1.78125,2427264
kvzap-predictor-trace-20260818T072657Z::longbench__2wikimqa__row000083,longbench__2wikimqa__row000083,reasoning,2wikimqa,"[8192,16384)",margin_aware_block_coalescing,coalesce_B4_m+0.25,4,0.25,0.5346546564362179,2.1489416705916518,0.5428999330655957,0.011407714190093707,0.14257864792503347,0.0,2.1489416705916518,1.78125,2427264
kvzap-predictor-trace-20260818T072657Z::longbench__2wikimqa__row000083,longbench__2wikimqa__row000083,reasoning,2wikimqa,"[8192,16384)",margin_aware_block_coalescing,coalesce_B8_m-0.25,8,-0.25,0.3824174049464747,1.6192166165455666,0.3883149263721553,0.0,0.2857559404283802,0.0004984211089702419,1.6185730899313966,1.78125,2427264
kvzap-predictor-trace-20260818T072657Z::longbench__2wikimqa__row000083,longbench__2wikimqa__row000083,reasoning,2wikimqa,"[8192,16384)",margin_aware_block_coalescing,coalesce_B8_m+0.00,8,0.0,0.4222729789590255,1.7309212890858992,0.428785140562249,0.0,0.24528572623828648,0.0004482444872618283,1.7302599313388916,1.78125,2427264
kvzap-predictor-trace-20260818T072657Z::longbench__2wikimqa__row000083,longbench__2wikimqa__row000083,reasoning,2wikimqa,"[8192,16384)",margin_aware_block_coalescing,coalesce_B8_m+0.25,8,0.25,0.4615633074935401,1.8572285542891422,0.4686813922356091,0.006004852744310576,0.21139432730923693,0.0004014129736673089,1.8565466939165127,1.78125,2427264
kvzap-predictor-trace-20260818T072715Z::longbench__2wikimqa__row000124,longbench__2wikimqa__row000124,reasoning,2wikimqa,"[8192,16384)",margin_aware_block_coalescing,coalesce_B4_m-0.25,4,-0.25,0.4432468074226582,1.7961280030937303,0.45022621341971814,0.0,0.21350514618444252,0.00020495163141498606,1.7956397508774262,1.75,2378016
kvzap-predictor-trace-20260818T072715Z::longbench__2wikimqa__row000124,longbench__2wikimqa__row000124,reasoning,2wikimqa,"[8192,16384)",margin_aware_block_coalescing,coalesce_B4_m+0.00,4,0.0,0.4817536971996824,1.929584436196748,0.48933943631169613,0.0,0.17439192329246456,0.00018104060774990435,1.929086667164213,1.75,2378016
kvzap-predictor-trace-20260818T072715Z::longbench__2wikimqa__row000124,longbench__2wikimqa__row000124,reasoning,2wikimqa,"[8192,16384)",margin_aware_block_coalescing,coalesce_B4_m+0.25,4,0.25,0.5206491461789996,2.086154623547246,0.5288473366957805,0.011143232049862633,0.14602725495824279,0.00016396130513198886,2.085627683758525,1.75,2378016
kvzap-predictor-trace-20260818T072715Z::longbench__2wikimqa__row000124,longbench__2wikimqa__row000124,reasoning,2wikimqa,"[8192,16384)",margin_aware_block_coalescing,coalesce_B8_m-0.25,8,-0.25,0.36998237185956695,1.587257173980371,0.3758081491505037,0.0,0.287923210453657,0.00040970173713536544,1.5863677359789516,1.75,2378016
kvzap-predictor-trace-20260818T072715Z::longbench__2wikimqa__row000124,longbench__2wikimqa__row000124,reasoning,2wikimqa,"[8192,16384)",margin_aware_block_coalescing,coalesce_B8_m+0.00,8,0.0,0.4093050677539596,1.6929212448084334,0.415750023919848,0.0,0.2479813356843127,0.0003619032011362395,1.6920274593289997,1.75,2378016
kvzap-predictor-trace-20260818T072715Z::longbench__2wikimqa__row000124,longbench__2wikimqa__row000124,reasoning,2wikimqa,"[8192,16384)",margin_aware_block_coalescing,coalesce_B8_m+0.25,8,0.25,0.44882793051013953,1.8143154476705505,0.45589521739724714,0.0059859419636144945,0.213822084170528,0.00032776138970829236,1.813385716290164,1.75,2378016
kvzap-predictor-trace-20260818T072733Z::longbench__musique__row000052,longbench__musique__row000052,reasoning,musique,"[8192,16384)",margin_aware_block_coalescing,coalesce_B4_m-0.25,4,-0.25,0.45974095570803436,1.8509639228910015,0.46533955168659286,0.0,0.21059650471992306,0.00017044013191273464,1.850819691935971,1.75,3064032
kvzap-predictor-trace-20260818T072733Z::longbench__musique__row000052,longbench__musique__row000052,reasoning,musique,"[8192,16384)",margin_aware_block_coalescing,coalesce_B4_m+0.00,4,0.0,0.4993247459556558,1.9973026266471545,0.5054053821922008,0.0,0.17053067421431517,0.00015722771858616607,1.9971477065631429,1.75,3064032
kvzap-predictor-trace-20260818T072733Z::longbench__musique__row000052,longbench__musique__row000052,reasoning,musique,"[8192,16384)",margin_aware_block_coalescing,coalesce_B4_m+0.25,4,0.25,0.5393964553894999,2.1710644907121357,0.5459650736265711,0.011546765822048858,0.14151774860199368,0.0001374090985963132,2.1709045152075093,1.75,3064032
kvzap-predictor-trace-20260818T072733Z::longbench__musique__row000052,longbench__musique__row000052,reasoning,musique,"[8192,16384)",margin_aware_block_coalescing,coalesce_B8_m-0.25,8,-0.25,0.3857479295255402,1.6279961404567693,0.39044545925432617,0.0,0.2854905971521898,0.00042279722645019446,1.6278577530697336,1.75,3064032
kvzap-predictor-trace-20260818T072733Z::longbench__musique__row000052,longbench__musique__row000052,reasoning,musique,"[8192,16384)",margin_aware_block_coalescing,coalesce_B8_m+0.00,8,0.0,0.4257324988772963,1.7413487582789926,0.4309169494392118,0.0,0.24501910696730408,0.00038580246913580245,1.7412042824994887,1.75,3064032
kvzap-predictor-trace-20260818T072733Z::longbench__musique__row000052,longbench__musique__row000052,reasoning,musique,"[8192,16384)",margin_aware_block_coalescing,coalesce_B8_m+0.25,8,0.25,0.46563547639189146,1.8713817175733367,0.4713058541845051,0.006042611444095604,0.2106728136661064,0.000343522746490783,1.871233144420559,1.75,3064032
kvzap-predictor-trace-20260818T072754Z::longbench__musique__row000155,longbench__musique__row000155,reasoning,musique,"[8192,16384)",margin_aware_block_coalescing,coalesce_B4_m-0.25,4,-0.25,0.42158517918242394,1.7288630304917203,0.4249760867440269,0.0,0.2223753892449695,0.0001640557370640306,1.72861981181633,1.6875,4620096
kvzap-predictor-trace-20260818T072754Z::longbench__musique__row000155,longbench__musique__row000155,reasoning,musique,"[8192,16384)",margin_aware_block_coalescing,coalesce_B4_m+0.00,4,0.0,0.4617553401487761,1.8578911684444948,0.4654693456495329,0.0,0.18188213033946352,0.00015271145737343276,1.8576297137379718,1.6875,4620096
kvzap-predictor-trace-20260818T072754Z::longbench__musique__row000155,longbench__musique__row000155,reasoning,musique,"[8192,16384)",margin_aware_block_coalescing,coalesce_B4_m+0.25,4,0.25,0.5031393287065896,2.0126366560606113,0.5071861952438803,0.011867389649923897,0.15203267039504,0.00013613135628717433,2.012363144726847,1.6875,4620096
kvzap-predictor-trace-20260818T072754Z::longbench__musique__row000155,longbench__musique__row000155,reasoning,musique,"[8192,16384)",margin_aware_block_coalescing,coalesce_B8_m-0.25,8,-0.25,0.3479702586266606,1.5336723718978635,0.35076906427603927,0.0,0.29658241171295713,0.0003280290340591848,1.5330983073884512,1.6875,4620096
kvzap-predictor-trace-20260818T072754Z::longbench__musique__row000155,longbench__musique__row000155,reasoning,musique,"[8192,16384)",margin_aware_block_coalescing,coalesce_B8_m+0.00,8,0.0,0.38706425147875717,1.6314923748738446,0.3901774991970732,0.0,0.2571739767919233,0.0003053461753210497,1.6308876645326722,1.6875,4620096
kvzap-predictor-trace-20260818T072754Z::longbench__musique__row000155,longbench__musique__row000155,reasoning,musique,"[8192,16384)",margin_aware_block_coalescing,coalesce_B8_m+0.25,8,0.25,0.4275253154912798,1.7468021330203773,0.4309640009495483,0.006155263360004468,0.2225427383994526,0.0002721943048576214,1.7461841755158318,1.6875,4620096
