trace_id,experiment_id,request_id,block_size,block_count,all_drop_block_fraction,all_keep_block_fraction,mixed_block_fraction,logical_cold_retention,physical_cold_retention_exact_span,physical_cold_retention_padded,internal_fragmentation_exact_span,internal_fragmentation_padded,physical_compression_factor_exact_span,physical_compression_factor_padded
kvzap-predictor-trace-20260818T070032Z::longbench__qasper__row000037,kvzap-predictor-trace-20260818T070032Z,longbench__qasper__row000037,4,188352,0.5366813200815495,0.15432275739041795,0.3089959225280326,0.3046469863130154,0.4633304641673043,0.4636731701096659,0.3424844471202087,0.3429704241007483,2.047573857714028,2.0462050309380926
kvzap-predictor-trace-20260818T070032Z::longbench__qasper__row000037,kvzap-predictor-trace-20260818T070032Z,longbench__qasper__row000037,8,94176,0.4689623683316344,0.10335966700645599,0.4276779646619096,0.3046469863130154,0.5310109028309105,0.5314439343704838,0.4262886417418364,0.4267561136549959,1.8086325596734962,1.807283179845841
kvzap-predictor-trace-20260818T070032Z::longbench__qasper__row000037,kvzap-predictor-trace-20260818T070032Z,longbench__qasper__row000037,16,47232,0.40671578590785906,0.07027015582655827,0.5230140582655827,0.3046469863130154,0.5933886976111536,0.5955538553090198,0.48659792891328385,0.48846442081221897,1.6330001282088398,1.6275143441271516
kvzap-predictor-trace-20260818T070032Z::longbench__qasper__row000037,kvzap-predictor-trace-20260818T070032Z,longbench__qasper__row000037,32,23616,0.34849254742547425,0.04704437669376694,0.6044630758807588,0.3046469863130154,0.6514228938196038,0.6539998299753464,0.5323360766049771,0.5341787989080983,1.497690014337842,1.4921997823195066
kvzap-predictor-trace-20260818T070949Z::longbench__qasper__row000042,kvzap-predictor-trace-20260818T070949Z,longbench__qasper__row000042,4,186336,0.5311909668555728,0.16031255366649494,0.30849647947793235,0.3126261650130997,0.46881174032555945,0.4689902503972856,0.33315201365050917,0.33340583360043957,2.024886379821574,2.02418920598103
kvzap-predictor-trace-20260818T070949Z::longbench__qasper__row000042,kvzap-predictor-trace-20260818T070949Z,longbench__qasper__row000042,8,93312,0.46756044238683125,0.10815329218106996,0.42428626543209874,0.3126261650130997,0.5325760748185371,0.5334686251771679,0.4129924722592547,0.41397459895738986,1.8030590573786558,1.800298391998674
kvzap-predictor-trace-20260818T070949Z::longbench__qasper__row000042,kvzap-predictor-trace-20260818T070949Z,longbench__qasper__row000042,16,46656,0.4070859053497942,0.07160922496570644,0.5213048696844993,0.3126261650130997,0.5928722136322638,0.5940600438087875,0.4726921622826975,0.47374652062321515,1.6338095267945014,1.6307938732605867
kvzap-predictor-trace-20260818T070949Z::longbench__qasper__row000042,kvzap-predictor-trace-20260818T070949Z,longbench__qasper__row000042,32,23328,0.3510373799725652,0.047496570644718794,0.6014660493827161,0.3126261650130997,0.648753919168492,0.6502168964480523,0.5181128687225618,0.5191971068102252,1.5030506206965488,1.4999079246209563
kvzap-predictor-trace-20260818T071553Z::longbench__qasper__row000079,kvzap-predictor-trace-20260818T071553Z,longbench__qasper__row000079,4,267552,0.5311229218992943,0.16225630905394092,0.3066207690467647,0.31159009635814106,0.46892487356734597,0.46925591764670677,0.3355223535324125,0.33599111989732877,2.054979881331436,2.0536293766011955
kvzap-predictor-trace-20260818T071553Z::longbench__qasper__row000079,kvzap-predictor-trace-20260818T071553Z,longbench__qasper__row000079,8,133920,0.46363500597371565,0.10998357228195937,0.426381421744325,0.31159009635814106,0.5366037495885327,0.537376185773708,0.41932926000411286,0.4201639287205903,1.811442364060929,1.808995525785604
kvzap-predictor-trace-20260818T071553Z::longbench__qasper__row000079,kvzap-predictor-trace-20260818T071553Z,longbench__qasper__row000079,16,67104,0.4020922746781116,0.07491356700047687,0.5229941583214115,0.31159009635814106,0.5986679683993177,0.6003231887961218,0.4795276968112193,0.4809627511091172,1.6338742123873415,1.6296139159949088
kvzap-predictor-trace-20260818T071553Z::longbench__qasper__row000079,kvzap-predictor-trace-20260818T071553Z,longbench__qasper__row000079,32,33696,0.3442545109211776,0.053300094966761635,0.6024453941120608,0.31159009635814106,0.6577995481341832,0.6612203369542449,0.5263145174818812,0.5287651045438089,1.4943142981420494,1.4869666207845835
kvzap-predictor-trace-20260818T071609Z::longbench__qasper__row000146,kvzap-predictor-trace-20260818T071609Z,longbench__qasper__row000146,4,170784,0.5408879051901817,0.1556410436574855,0.30347105115233275,0.30468713388631147,0.4590933853507662,0.4593057312901261,0.33632863463384916,0.33663546276575396,2.0542364173481182,2.053386590584879
kvzap-predictor-trace-20260818T071609Z::longbench__qasper__row000146,kvzap-predictor-trace-20260818T071609Z,longbench__qasper__row000146,8,85536,0.47644266741488966,0.10686728395061729,0.4166900486344931,0.30468713388631147,0.5235996883640283,0.5246614180608276,0.41809145296037636,0.41926903065895543,1.8248137057781,1.8214654491709015
kvzap-predictor-trace-20260818T071609Z::longbench__qasper__row000146,kvzap-predictor-trace-20260818T071609Z,longbench__qasper__row000146,16,42912,0.41808818046234153,0.0729399701715138,0.5089718493661447,0.30468713388631147,0.582341897464736,0.5851023946764141,0.4767899489753578,0.4792584397901566,1.6563570877875333,1.6492025664527956
kvzap-predictor-trace-20260818T071609Z::longbench__qasper__row000146,kvzap-predictor-trace-20260818T071609Z,longbench__qasper__row000146,32,21600,0.3625,0.052175925925925924,0.585324074074074,0.30468713388631147,0.6391393106518581,0.645297342893294,0.5232852543906882,0.5278345134350036,1.5206286089765666,1.5072376357056694
kvzap-predictor-trace-20260818T071625Z::longbench__qasper__row000163,kvzap-predictor-trace-20260818T071625Z,longbench__qasper__row000163,4,199008,0.5381391702846117,0.1579484241839524,0.30391240553143595,0.30706718580224557,0.46199671012918025,0.4623626705300012,0.3353476787391287,0.3358737515503623,2.058318428415576,2.056837733610205
kvzap-predictor-trace-20260818T071625Z::longbench__qasper__row000163,kvzap-predictor-trace-20260818T071625Z,longbench__qasper__row000163,8,99648,0.4732960019267823,0.10904383429672447,0.41766016377649323,0.30706718580224557,0.5271854501187171,0.5280393577206326,0.4175347864151087,0.4184767076307516,1.82437152598862,1.821659397824602
kvzap-predictor-trace-20260818T071625Z::longbench__qasper__row000163,kvzap-predictor-trace-20260818T071625Z,longbench__qasper__row000163,16,49824,0.4128131021194605,0.07500401412973667,0.5121828837508028,0.30706718580224557,0.5872054710451124,0.5886756006277919,0.4770702915016694,0.47837623051681705,1.6515420084916166,1.6477186311787073
kvzap-predictor-trace-20260818T071625Z::longbench__qasper__row000163,kvzap-predictor-trace-20260818T071625Z,longbench__qasper__row000163,32,25056,0.3559227330779055,0.052801724137931036,0.5912755427841635,0.30706718580224557,0.6446122077347177,0.6494426335063785,0.5236404428620202,0.5271835109679018,1.514330071218097,1.5038172353961827
kvzap-predictor-trace-20260818T071641Z::longbench__qasper__row000049,kvzap-predictor-trace-20260818T071641Z,longbench__qasper__row000049,4,397440,0.5065292874396136,0.17115539452495973,0.32231531803542673,0.3277033999838911,0.4935400809472031,0.49364957110064034,0.3360146163712538,0.3361618865519439,1.98011178898915,1.979692316682981
kvzap-predictor-trace-20260818T071641Z::longbench__qasper__row000049,kvzap-predictor-trace-20260818T071641Z,longbench__qasper__row000049,8,198720,0.4348782206119163,0.11630938003220612,0.44881239935587763,0.3277033999838911,0.565147899802666,0.5653266078691958,0.4201457705172114,0.4203290709788871,1.73911109019581,1.738583000453344
kvzap-predictor-trace-20260818T071641Z::longbench__qasper__row000049,kvzap-predictor-trace-20260818T071641Z,longbench__qasper__row000049,16,99360,0.369182769726248,0.07735507246376812,0.5534621578099839,0.3277033999838911,0.6308243727598566,0.6310458700817526,0.4805156329800817,0.4806979721752449,1.5644704433497536,1.5639407836016128
kvzap-predictor-trace-20260818T071641Z::longbench__qasper__row000049,kvzap-predictor-trace-20260818T071641Z,longbench__qasper__row000049,32,49824,0.30987074502247913,0.05178227360308285,0.638346981374438,0.3277033999838911,0.6903870162297129,0.692380492126777,0.5253337732602228,0.5267004144248946,1.4338845307297252,1.4298899738300925
kvzap-predictor-trace-20260818T071658Z::longbench__qasper__row000051,kvzap-predictor-trace-20260818T071658Z,longbench__qasper__row000051,4,422784,0.5070674386920981,0.16506774144716924,0.3278648198607327,0.3234855150620648,0.4929325613079019,0.4929325613079019,0.34375299898274503,0.34375299898274503,1.9851116625310175,1.9851116625310175
kvzap-predictor-trace-20260818T071658Z::longbench__qasper__row000051,kvzap-predictor-trace-20260818T071658Z,longbench__qasper__row000051,8,211392,0.4349502346351801,0.11360884044807751,0.45144092491674237,0.3234855150620648,0.5650497653648199,0.5650497653648199,0.427509690490343,0.427509690490343,1.74116319374471,1.74116319374471
kvzap-predictor-trace-20260818T071658Z::longbench__qasper__row000051,kvzap-predictor-trace-20260818T071658Z,longbench__qasper__row000051,16,105696,0.3713196336663639,0.07742014834998487,0.5512602179836512,0.3234855150620648,0.6286803663336361,0.6286803663336361,0.4854531294677121,0.4854531294677121,1.5708405451398484,1.5708405451398484
kvzap-predictor-trace-20260818T071658Z::longbench__qasper__row000051,kvzap-predictor-trace-20260818T071658Z,longbench__qasper__row000051,32,52992,0.3144436896135266,0.05415911835748792,0.6313971920289855,0.3234855150620648,0.6854847865576749,0.6874243112322131,0.5280923495231391,0.5294238074265738,1.4446807656808058,1.4407299698513913
kvzap-predictor-trace-20260818T071714Z::longbench__qasper__row000070,kvzap-predictor-trace-20260818T071714Z,longbench__qasper__row000070,4,396000,0.5130404040404041,0.15843686868686868,0.3285227272727273,0.317785051827605,0.48695406740619507,0.48704815016871755,0.34740240795129634,0.34752846978779894,2.0055169238879835,2.0051471898323205
kvzap-predictor-trace-20260818T071714Z::longbench__qasper__row000070,kvzap-predictor-trace-20260818T071714Z,longbench__qasper__row000070,8,198144,0.4409873627260982,0.1084514292635659,0.4505612080103359,0.317785051827605,0.5590505091834879,0.5595209229961003,0.43156289707750956,0.4320408071141606,1.7572191156522332,1.7558007506088946
kvzap-predictor-trace-20260818T071714Z::longbench__qasper__row000070,kvzap-predictor-trace-20260818T071714Z,longbench__qasper__row000070,16,99072,0.377281169250646,0.07431968669250646,0.5483991440568475,0.317785051827605,0.6226820280455032,0.6232850417247581,0.489651158192119,0.4901449087431517,1.5841206318981285,1.5826432076002375
kvzap-predictor-trace-20260818T071714Z::longbench__qasper__row000070,kvzap-predictor-trace-20260818T071714Z,longbench__qasper__row000070,32,49536,0.31936369509043927,0.051437338501291986,0.6291989664082688,0.317785051827605,0.6805763926774565,0.6812551777090784,0.5330648326231147,0.5335300747419622,1.4538212489268423,1.4524205575312608
kvzap-predictor-trace-20260818T071731Z::longbench__qasper__row000072,kvzap-predictor-trace-20260818T071731Z,longbench__qasper__row000072,4,472320,0.49726668360433607,0.1743584857723577,0.32837483062330625,0.33370284257424065,0.5027332037404075,0.5028099642560688,0.3362227915493877,0.33632412581964277,1.9521653321818142,1.951878443407509
kvzap-predictor-trace-20260818T071731Z::longbench__qasper__row000072,kvzap-predictor-trace-20260818T071731Z,longbench__qasper__row000072,8,236160,0.4225016937669377,0.11927930216802168,0.4582190040650406,0.33370284257424065,0.5774773000626789,0.5775863529332046,0.42213686574689463,0.422245970875922,1.7077521428305404,1.7074402439889353
kvzap-predictor-trace-20260818T071731Z::longbench__qasper__row000072,kvzap-predictor-trace-20260818T071731Z,longbench__qasper__row000072,16,118080,0.35461551490514903,0.08085196476964769,0.5645325203252033,0.33370284257424065,0.6453706527078993,0.6454828818756246,0.482928389795751,0.48301829228286114,1.5333687908252147,1.5331100100622843
kvzap-predictor-trace-20260818T071731Z::longbench__qasper__row000072,kvzap-predictor-trace-20260818T071731Z,longbench__qasper__row000072,32,59040,0.29447831978319783,0.05586043360433604,0.6496612466124662,0.33370284257424065,0.7055027231454659,0.7056292456505904,0.5269999227126508,0.5270847337590627,1.4061931155639833,1.405947764332103
kvzap-predictor-trace-20260818T071748Z::longbench__qasper__row000077,kvzap-predictor-trace-20260818T071748Z,longbench__qasper__row000077,4,380448,0.5240742493060813,0.1676944023887627,0.308231348305156,0.3177402096872568,0.47593433865438406,0.4760158369613225,0.3323864577924589,0.3325007593957971,2.047789750328515,2.047456130669904
kvzap-predictor-trace-20260818T071748Z::longbench__qasper__row000077,kvzap-predictor-trace-20260818T071748Z,longbench__qasper__row000077,8,190368,0.4558854429315851,0.11629055303412338,0.4278240040342915,0.3177402096872568,0.5442220329358319,0.5446295244705239,0.41615702698916474,0.4165938580062173,1.801789802289282,1.8004991219151494
kvzap-predictor-trace-20260818T071748Z::longbench__qasper__row000077,kvzap-predictor-trace-20260818T071748Z,longbench__qasper__row000077,16,95328,0.39252895266868076,0.08068982880161128,0.5267812185297079,0.3177402096872568,0.6079063873640819,0.608965865354281,0.4773204949120584,0.47822985200918683,1.620268747218745,1.6175576702705396
kvzap-predictor-trace-20260818T071748Z::longbench__qasper__row000077,kvzap-predictor-trace-20260818T071748Z,longbench__qasper__row000077,32,47808,0.33383534136546184,0.05787734270414993,0.6082873159303882,0.3177402096872568,0.667457988937262,0.6698214398384756,0.5239547432892845,0.5256344589927154,1.4807697424183108,1.4757272727272728
kvzap-predictor-trace-20260818T071806Z::longbench__narrativeqa__row000002,kvzap-predictor-trace-20260818T071806Z,longbench__narrativeqa__row000002,4,592992,0.49361542820139226,0.17299390210997787,0.33339066968862985,0.332498482088646,0.5063794441071308,0.5064460635498886,0.34338076721316935,0.3434671408875657,1.9457730196456067,1.9455246883663222
kvzap-predictor-trace-20260818T071806Z::longbench__narrativeqa__row000002,kvzap-predictor-trace-20260818T071806Z,longbench__narrativeqa__row000002,8,296640,0.4155980312837109,0.12189185544768069,0.4625101132686084,0.332498482088646,0.5844236996559401,0.5847567968697295,0.43106605313166907,0.4313901371158938,1.692665134616601,1.6917259011603405
kvzap-predictor-trace-20260818T071806Z::longbench__narrativeqa__row000002,kvzap-predictor-trace-20260818T071806Z,longbench__narrativeqa__row000002,16,148320,0.34906283710895364,0.08750674217907227,0.5634304207119741,0.332498482088646,0.6509023139715308,0.6513323888551575,0.4891729911668606,0.4895102903249195,1.5238201286097144,1.5228374017460622
kvzap-predictor-trace-20260818T071806Z::longbench__narrativeqa__row000002,kvzap-predictor-trace-20260818T071806Z,longbench__narrativeqa__row000002,32,74304,0.2890826873385013,0.06278262273901809,0.6481346899224806,0.332498482088646,0.7109239020441206,0.7127302165553532,0.5323008818066004,0.5334861994547933,1.3979203086802388,1.3944530902623389
kvzap-predictor-trace-20260818T071824Z::longbench__narrativeqa__row000003,kvzap-predictor-trace-20260818T071824Z,longbench__narrativeqa__row000003,4,641952,0.4980637181596132,0.15779217137729923,0.34414411046308757,0.32034941159604574,0.502029261253849,0.5021052270715683,0.36189095672241617,0.3619874991853367,1.9643301434504299,1.964041214717818
kvzap-predictor-trace-20260818T071824Z::longbench__narrativeqa__row000003,kvzap-predictor-trace-20260818T071824Z,longbench__narrativeqa__row000003,8,321120,0.4136646736422521,0.10711260587942202,0.47922272047832587,0.32034941159604574,0.5866185627734769,0.5867958163481556,0.45390508939665314,0.4540700484374668,1.6878460290883208,1.6873483607407254
kvzap-predictor-trace-20260818T071824Z::longbench__narrativeqa__row000003,kvzap-predictor-trace-20260818T071824Z,longbench__narrativeqa__row000003,16,160704,0.3431837415372362,0.07612753882915173,0.5806887196336121,0.32034941159604574,0.6575418084695264,0.6579216375581236,0.5128075394298031,0.5130888037289324,1.5096840851677675,1.5088311375246855
kvzap-predictor-trace-20260818T071824Z::longbench__narrativeqa__row000003,kvzap-predictor-trace-20260818T071824Z,longbench__narrativeqa__row000003,32,80352,0.2819220430107527,0.0567005177220231,0.6613774392672243,0.32034941159604574,0.7180242342645574,0.7192864355435881,0.5538459618648298,0.5546288713842528,1.3850101489793574,1.3826273130448081
kvzap-predictor-trace-20260818T071844Z::longbench__narrativeqa__row000005,kvzap-predictor-trace-20260818T071844Z,longbench__narrativeqa__row000005,4,962496,0.4655842725580158,0.1632734058115566,0.37114232163042754,0.3408087287931307,0.5344110288188989,0.5344557076714629,0.36227227655396343,0.3623255886292632,1.8558827686583415,1.8557303533878673
kvzap-predictor-trace-20260818T071844Z::longbench__narrativeqa__row000005,kvzap-predictor-trace-20260818T071844Z,longbench__narrativeqa__row000005,8,481248,0.3818093789480684,0.10852200944211716,0.5096686116098145,0.3408087287931307,0.618186215223228,0.6182368685735186,0.44869568359743495,0.44874085303341477,1.6082142001487156,1.6080844457831724
kvzap-predictor-trace-20260818T071844Z::longbench__narrativeqa__row000005,kvzap-predictor-trace-20260818T071844Z,longbench__narrativeqa__row000005,16,240768,0.3115530303030303,0.0760275451887294,0.6124194245082403,0.3408087287931307,0.6884546208323982,0.6889105009850128,0.5049655874470492,0.5052931718912136,1.4463206193796156,1.4453766511960013
kvzap-predictor-trace-20260818T071844Z::longbench__narrativeqa__row000005,kvzap-predictor-trace-20260818T071844Z,longbench__narrativeqa__row000005,32,120384,0.25579811270600744,0.057457801701222756,0.6867440855927698,0.3408087287931307,0.744165253568074,0.7447029583634656,0.5420254746388068,0.5423561502399822,1.3394199348376143,1.3384650988516893
kvzap-predictor-trace-20260818T071904Z::longbench__qasper__row000016,kvzap-predictor-trace-20260818T071904Z,longbench__qasper__row000016,4,1133568,0.4624830623306233,0.18492494495257453,0.3525919927168022,0.3561758441677607,0.5375142047459732,0.5375852284758396,0.33736477841346024,0.33745232327608843,1.8475941773553939,1.8473537172124788
kvzap-predictor-trace-20260818T071904Z::longbench__qasper__row000016,kvzap-predictor-trace-20260818T071904Z,longbench__qasper__row000016,8,566784,0.3856319162149955,0.12774531391147245,0.4866227698735321,0.3561758441677607,0.6143632038848656,0.6144461384265729,0.42025199114218176,0.42033024232225014,1.6195025157678407,1.6192867791690995
kvzap-predictor-trace-20260818T071904Z::longbench__qasper__row000016,kvzap-predictor-trace-20260818T071904Z,longbench__qasper__row000016,16,283392,0.3196314645438121,0.08791356142728093,0.592454974028907,0.3561758441677607,0.6803570420248733,0.6804549753666765,0.4764868706176496,0.47656221636732343,1.4642679108962784,1.464059657125285
kvzap-predictor-trace-20260818T071904Z::longbench__qasper__row000016,kvzap-predictor-trace-20260818T071904Z,longbench__qasper__row000016,32,141696,0.2628443992773261,0.06055216802168022,0.6766034327009937,0.3561758441677607,0.7371469106000932,0.7372492553536893,0.5168183722321963,0.5168854473825297,1.3526913187390792,1.3525055869095868
kvzap-predictor-trace-20260818T071923Z::longbench__qasper__row000073,kvzap-predictor-trace-20260818T071923Z,longbench__qasper__row000073,4,700128,0.4845628227981169,0.1746080716668952,0.3408291055349879,0.33828788476265587,0.5154719450445199,0.5155962463852599,0.34373172387987305,0.3438899388148706,1.9165569822784263,1.9161064395495127
kvzap-predictor-trace-20260818T071923Z::longbench__qasper__row000073,kvzap-predictor-trace-20260818T071923Z,longbench__qasper__row000073,8,350208,0.40664690698099415,0.12192468475877193,0.4714284082602339,0.33828788476265587,0.5934903244979369,0.5937803609596635,0.4300026962548539,0.4302811157042691,1.6700808041318207,1.6692827381652975
kvzap-predictor-trace-20260818T071923Z::longbench__qasper__row000073,kvzap-predictor-trace-20260818T071923Z,longbench__qasper__row000073,16,175104,0.3386159082602339,0.08485814144736842,0.5765259502923976,0.33828788476265587,0.6613877887505858,0.6618603481580542,0.4885180970732637,0.4888832882886772,1.5019785365977643,1.5009270626084747
kvzap-predictor-trace-20260818T071923Z::longbench__qasper__row000073,kvzap-predictor-trace-20260818T071923Z,longbench__qasper__row000073,32,87552,0.27967379385964913,0.06031843932748538,0.6600077668128655,0.33828788476265587,0.7203123392655076,0.7208449062167815,0.5303594478089835,0.530706422636603,1.3813161527841693,1.380313930673643
kvzap-predictor-trace-20260818T071940Z::longbench__gov_report__row000096,kvzap-predictor-trace-20260818T071940Z,longbench__gov_report__row000096,4,185184,0.539625453602903,0.15789701054086747,0.3024775358562295,0.30488407911802856,0.4603085819282317,0.4607328145265888,0.3376528461822942,0.33826272081075376,2.057981915744532,2.056271832327723
kvzap-predictor-trace-20260818T071940Z::longbench__gov_report__row000096,kvzap-predictor-trace-20260818T071940Z,longbench__gov_report__row000096,8,92736,0.4718987232574189,0.10668995859213251,0.4214113181504486,0.30488407911802856,0.5280615002161695,0.5293341980112408,0.4226352820775233,0.4240234614285131,1.816690592311685,1.8126982942032772
kvzap-predictor-trace-20260818T071940Z::longbench__gov_report__row000096,kvzap-predictor-trace-20260818T071940Z,longbench__gov_report__row000096,16,46368,0.4098084886128364,0.07106193926846101,0.5191295721187026,0.30488407911802856,0.5901102464332036,0.5915693904020752,0.4833438650475301,0.484618230651173,1.6405371167975678,1.63680485338726
kvzap-predictor-trace-20260818T071940Z::longbench__gov_report__row000096,kvzap-predictor-trace-20260818T071940Z,longbench__gov_report__row000096,32,23328,0.34953703703703703,0.04612482853223594,0.604338134430727,0.30488407911802856,0.6506809338521401,0.6560311284046693,0.5314384312552948,0.5352597370502175,1.4986807387862797,1.4873208379272327
kvzap-predictor-trace-20260818T071955Z::longbench__gov_report__row000109,kvzap-predictor-trace-20260818T071955Z,longbench__gov_report__row000109,4,198144,0.5358628068475452,0.16308846091731266,0.3010487322351421,0.3110641755490956,0.4641371931524548,0.4641371931524548,0.3298012308896766,0.3298012308896766,2.0493763712913364,2.0493763712913364
kvzap-predictor-trace-20260818T071955Z::longbench__gov_report__row000109,kvzap-predictor-trace-20260818T071955Z,longbench__gov_report__row000109,8,99072,0.4707788275193798,0.110515584625323,0.41870558785529716,0.3110641755490956,0.5292211724806202,0.5292211724806202,0.4122227308271824,0.4122227308271824,1.817703676431915,1.817703676431915
kvzap-predictor-trace-20260818T071955Z::longbench__gov_report__row000109,kvzap-predictor-trace-20260818T071955Z,longbench__gov_report__row000109,16,49536,0.4103076550387597,0.0736030361757106,0.5160893087855297,0.3110641755490956,0.5896923449612403,0.5896923449612403,0.47249751805826573,0.47249751805826573,1.6449309852451213,1.6449309852451213
kvzap-predictor-trace-20260818T071955Z::longbench__gov_report__row000109,kvzap-predictor-trace-20260818T071955Z,longbench__gov_report__row000109,32,24768,0.3522690568475452,0.05002422480620155,0.5977067183462532,0.3110641755490956,0.6477309431524548,0.6477309431524548,0.5197632924016705,0.5197632924016705,1.5074149462052921,1.5074149462052921
kvzap-predictor-trace-20260818T072011Z::longbench__multi_news__row000054,kvzap-predictor-trace-20260818T072011Z,longbench__multi_news__row000054,4,162432,0.5369015957446809,0.1481850866824271,0.31491331757289204,0.300881232430833,0.46332205207870986,0.4637150466045273,0.3506002335072996,0.3511505942410465,2.0318047271531303,2.03027073118738
kvzap-predictor-trace-20260818T072011Z::longbench__multi_news__row000054,kvzap-predictor-trace-20260818T072011Z,longbench__multi_news__row000054,8,81216,0.46024182427107957,0.09436564223798266,0.44539253349093777,0.300881232430833,0.5398203629728263,0.5404768950041919,0.4426271162246267,0.4433041722745626,1.771293660592973,1.7693466818041077
kvzap-predictor-trace-20260818T072011Z::longbench__multi_news__row000054,kvzap-predictor-trace-20260818T072011Z,longbench__multi_news__row000054,16,40608,0.39772951142631996,0.05900315208825847,0.5432673364854216,0.300881232430833,0.6022540933076885,0.6030724466143906,0.5004081569984211,0.5010860898720203,1.6034982286709771,1.6015096595792384
kvzap-predictor-trace-20260818T072011Z::longbench__multi_news__row000054,kvzap-predictor-trace-20260818T072011Z,longbench__multi_news__row000054,32,20448,0.34066901408450706,0.034722222222222224,0.6246087636932708,0.300881232430833,0.6597083518271933,0.6648912561029738,0.5439178061070735,0.5474730195816644,1.4749217615744474,1.464329643296433
kvzap-predictor-trace-20260818T072026Z::longbench__multi_news__row000127,kvzap-predictor-trace-20260818T072026Z,longbench__multi_news__row000127,4,188064,0.5366045601497362,0.14416900629572912,0.3192264335545346,0.29934357452782034,0.4633954398502637,0.4633954398502637,0.35402132005324277,0.35402132005324277,2.0472375575941224,2.0472375575941224
kvzap-predictor-trace-20260818T072026Z::longbench__multi_news__row000127,kvzap-predictor-trace-20260818T072026Z,longbench__multi_news__row000127,8,94176,0.46035083248386,0.09225280326197757,0.4473963642541624,0.29934357452782034,0.5400661476944019,0.5404755827803301,0.4457279431311351,0.44614782968005984,1.7807786393219176,1.7795417643875158
kvzap-predictor-trace-20260818T072026Z::longbench__multi_news__row000127,kvzap-predictor-trace-20260818T072026Z,longbench__multi_news__row000127,16,47232,0.39265752032520324,0.05674119241192412,0.5506012872628726,0.29934357452782034,0.6089044155181215,0.6101327207759061,0.508389877131854,0.5093795754026355,1.5944523919210534,1.591481122942885
kvzap-predictor-trace-20260818T072026Z::longbench__multi_news__row000127,kvzap-predictor-trace-20260818T072026Z,longbench__multi_news__row000127,32,23616,0.328929539295393,0.03298611111111111,0.6380843495934959,0.29934357452782034,0.6712980687425557,0.6741534796664965,0.5540824732468891,0.555971179328622,1.4563386312129512,1.4505882352941177
kvzap-predictor-trace-20260818T072041Z::longbench__qmsum__row000042,kvzap-predictor-trace-20260818T072041Z,longbench__qmsum__row000042,4,179712,0.5865495904558404,0.12423766915954416,0.28921274038461536,0.25903696649737146,0.413523010781431,0.4137819656063441,0.3735851216408212,0.37397714731770343,2.2616581707528916,2.260398955913695
kvzap-predictor-trace-20260818T072041Z::longbench__qmsum__row000042,kvzap-predictor-trace-20260818T072041Z,longbench__qmsum__row000042,8,89856,0.5094261930199431,0.08115206552706553,0.40942174145299143,0.25903696649737146,0.4905634634233271,0.49096721019335293,0.47196033579484503,0.472394569088723,1.9401164374059021,1.9386719792971718
kvzap-predictor-trace-20260818T072041Z::longbench__qmsum__row000042,kvzap-predictor-trace-20260818T072041Z,longbench__qmsum__row000042,16,44928,0.4404380341880342,0.051526887464387466,0.5080350783475783,0.25903696649737146,0.5595011360598771,0.5600106923282545,0.537021554019419,0.5374428202068416,1.7211547666260958,1.719720157411456
kvzap-predictor-trace-20260818T072041Z::longbench__qmsum__row000042,kvzap-predictor-trace-20260818T072041Z,longbench__qmsum__row000042,32,22464,0.37798254985754987,0.03205128205128205,0.5899661680911681,0.25903696649737146,0.6219760759155306,0.6225162612492203,0.5835258355941157,0.5838872289415301,1.5614500880871443,1.560198347107438
kvzap-predictor-trace-20260818T072057Z::longbench__gov_report__row000180,kvzap-predictor-trace-20260818T072057Z,longbench__gov_report__row000180,4,339264,0.5191620684776457,0.15398332861724204,0.32685460290511226,0.31248451875442323,0.4808946685539042,0.48104210898796884,0.3502017402395129,0.3504009047943064,2.021718311984538,2.021131786454072
kvzap-predictor-trace-20260818T072057Z::longbench__gov_report__row000180,kvzap-predictor-trace-20260818T072057Z,longbench__gov_report__row000180,8,169632,0.44456824184116206,0.10246887379739672,0.4529628843614412,0.31248451875442323,0.5554508728473697,0.5556676102854446,0.43742186027621976,0.4376412931574311,1.7630079891487267,1.762352393576654
kvzap-predictor-trace-20260818T072057Z::longbench__gov_report__row000180,kvzap-predictor-trace-20260818T072057Z,longbench__gov_report__row000180,16,84960,0.37644774011299437,0.06759651600753296,0.5559557438794727,0.31248451875442323,0.6237924628450107,0.6248761500353857,0.49905691817878844,0.4999256752930517,1.5779195629573761,1.57529711835893
kvzap-predictor-trace-20260818T072057Z::longbench__gov_report__row000180,kvzap-predictor-trace-20260818T072057Z,longbench__gov_report__row000180,32,42624,0.31522147147147145,0.04574887387387387,0.6390296546546547,0.31248451875442323,0.6857410356216088,0.688558622316584,0.5443111866986886,0.5461758685076059,1.4408070663807135,1.4351351351351351
kvzap-predictor-trace-20260818T072113Z::longbench__multi_news__row000129,kvzap-predictor-trace-20260818T072113Z,longbench__multi_news__row000129,4,364032,0.5151277909634318,0.16363946026722925,0.32123274876933894,0.319644329047148,0.48487677217276626,0.4849681283657545,0.34077203241805176,0.3408962149238849,2.0096530944428066,2.009293310001346
kvzap-predictor-trace-20260818T072113Z::longbench__multi_news__row000129,kvzap-predictor-trace-20260818T072113Z,longbench__multi_news__row000129,8,182016,0.4377307489451477,0.10711695675105486,0.45515229430379744,0.319644329047148,0.5622602758544895,0.5623804813715793,0.43150113430764475,0.43162264759336344,1.7449852412543472,1.7446283309957924
kvzap-predictor-trace-20260818T072113Z::longbench__multi_news__row000129,kvzap-predictor-trace-20260818T072113Z,longbench__multi_news__row000129,16,91008,0.3684071729957806,0.06834563994374121,0.5632471870604782,0.319644329047148,0.6315824541158369,0.6317177711836466,0.4938992890570027,0.49400769832985386,1.5608393187828267,1.5605178643115214
kvzap-predictor-trace-20260818T072113Z::longbench__multi_news__row000129,kvzap-predictor-trace-20260818T072113Z,longbench__multi_news__row000129,32,45504,0.3047863924050633,0.04061181434599156,0.6546017932489452,0.319644329047148,0.6952034564237828,0.695351137487636,0.540214701043864,0.5403123518255097,1.42302012738222,1.4227285204501785
kvzap-predictor-trace-20260818T072129Z::longbench__multi_news__row000144,kvzap-predictor-trace-20260818T072129Z,longbench__multi_news__row000144,4,372960,0.5132400257400257,0.15531156156156156,0.3314484126984127,0.31533329042500696,0.4867795423826994,0.4868539615112313,0.35220512990026953,0.35230415000385584,2.003373874883507,2.0030824395307145
kvzap-predictor-trace-20260818T072129Z::longbench__multi_news__row000144,kvzap-predictor-trace-20260818T072129Z,longbench__multi_news__row000144,8,186624,0.4315790037722908,0.09821352023319616,0.470207475994513,0.31533329042500696,0.5685976754414194,0.5689697710840789,0.4454193113255268,0.4457819967760485,1.7271076447782208,1.726025169619384
kvzap-predictor-trace-20260818T072129Z::longbench__multi_news__row000144,kvzap-predictor-trace-20260818T072129Z,longbench__multi_news__row000144,16,93312,0.36156121399176955,0.06031378600823045,0.578125,0.31533329042500696,0.6384316470361073,0.6390551586535367,0.506081360645374,0.5065632658542317,1.5452312059835125,1.5437796955299137
kvzap-predictor-trace-20260818T072129Z::longbench__multi_news__row000144,kvzap-predictor-trace-20260818T072129Z,longbench__multi_news__row000144,32,46656,0.3001328875171468,0.03665123456790124,0.663215877914952,0.31533329042500696,0.6998086556821351,0.7005427903284632,0.5494006999418471,0.5498729060116988,1.4143291399277298,1.4128975003697677
kvzap-predictor-trace-20260818T072147Z::longbench__qmsum__row000016,kvzap-predictor-trace-20260818T072147Z,longbench__qmsum__row000016,4,474048,0.521738304981774,0.14633539219657082,0.3319263028216552,0.3025101075323272,0.47827408082649653,0.4784070191431176,0.36749633806296766,0.36767209629541414,2.048229548229548,2.04768262445165
kvzap-predictor-trace-20260818T072147Z::longbench__qmsum__row000016,kvzap-predictor-trace-20260818T072147Z,longbench__qmsum__row000016,8,237024,0.43643259754286484,0.09827274875118132,0.46529465370595385,0.3025101075323272,0.5635782774570377,0.563738647489787,0.46323320178821487,0.46338589898112725,1.7485468588263398,1.7480660264713757
kvzap-predictor-trace-20260818T072147Z::longbench__qmsum__row000016,kvzap-predictor-trace-20260818T072147Z,longbench__qmsum__row000016,16,118656,0.3597036812297735,0.06620819848975189,0.5740881202804746,0.3025101075323272,0.640467267632263,0.6412691177960094,0.5276728057459146,0.5282634090161237,1.5448173539343089,1.5429425516422028
kvzap-predictor-trace-20260818T072147Z::longbench__qmsum__row000016,kvzap-predictor-trace-20260818T072147Z,longbench__qmsum__row000016,32,59328,0.29154867853290184,0.04407699568500539,0.6643743257820928,0.3025101075323272,0.7083776461055403,0.7095276680509133,0.5729536226962524,0.5736457912017321,1.4006766806119697,1.3984669893245028
kvzap-predictor-trace-20260818T072204Z::longbench__qmsum__row000044,kvzap-predictor-trace-20260818T072204Z,longbench__qmsum__row000044,4,365760,0.5746363735783027,0.1175825678040245,0.3077810586176728,0.2593898350506443,0.42535850232985495,0.4254473759051432,0.3901853762652806,0.39031276312660285,2.275393061005253,2.2749443254428177
kvzap-predictor-trace-20260818T072204Z::longbench__qmsum__row000044,kvzap-predictor-trace-20260818T072204Z,longbench__qmsum__row000044,8,182880,0.4883202099737533,0.07289479440069992,0.4387849956255468,0.2593898350506443,0.5116820896501936,0.5117805342258975,0.4930644626862481,0.49316197529281014,1.9095409816025914,1.9091909068687363
kvzap-predictor-trace-20260818T072204Z::longbench__qmsum__row000044,kvzap-predictor-trace-20260818T072204Z,longbench__qmsum__row000044,16,91584,0.41141465758211043,0.044571104122990916,0.5440142382948987,0.2593898350506443,0.588742315853952,0.589628317035287,0.5594170351516052,0.560079074297375,1.6698617445838084,1.6674553897062747
kvzap-predictor-trace-20260818T072204Z::longbench__qmsum__row000044,kvzap-predictor-trace-20260818T072204Z,longbench__qmsum__row000044,32,45792,0.34047431865828093,0.026554856743535988,0.6329708245981831,0.2593898350506443,0.6595007219268885,0.6606943624072981,0.6066875646583448,0.6073981407900401,1.4972951924517,1.4946895033968042
kvzap-predictor-trace-20260818T072221Z::longbench__gov_report__row000003,kvzap-predictor-trace-20260818T072221Z,longbench__gov_report__row000003,4,620640,0.49445250064449603,0.16697602474864656,0.33857147460685744,0.33148602086073076,0.5055697377581806,0.5056648229803254,0.3443317586004641,0.34445505046802843,1.9500557413600892,1.949699516067608
kvzap-predictor-trace-20260818T072221Z::longbench__gov_report__row000003,kvzap-predictor-trace-20260818T072221Z,longbench__gov_report__row000003,8,310464,0.42213589981447125,0.1133529169243455,0.46451118326118324,0.33148602086073076,0.5779811634563317,0.5782664191227663,0.4264760829255371,0.42675899914161175,1.711867033119388,1.7110437249339725
kvzap-predictor-trace-20260818T072221Z::longbench__gov_report__row000003,kvzap-predictor-trace-20260818T072221Z,longbench__gov_report__row000003,16,155232,0.35675633889919606,0.0774582560296846,0.5657854050711194,0.33148602086073076,0.643258780072716,0.6436914984141718,0.4846770364747162,0.4850234597203862,1.54206812446508,1.5410548572771057
kvzap-predictor-trace-20260818T072221Z::longbench__gov_report__row000003,kvzap-predictor-trace-20260818T072221Z,longbench__gov_report__row000003,32,77760,0.2985468106995885,0.05460390946502058,0.646849279835391,0.33148602086073076,0.7016572226090095,0.7032438565276811,0.527567008249201,0.5286328948574571,1.4163833541576931,1.41325385568343
kvzap-predictor-trace-20260818T072239Z::longbench__gov_report__row000057,kvzap-predictor-trace-20260818T072239Z,longbench__gov_report__row000057,4,580896,0.5063539773040269,0.15726395086211645,0.33638207183385666,0.31995246951849554,0.49372502927602124,0.49382964799889784,0.3519622248285424,0.35209951282793445,1.9934828652750942,1.9930736925327648
kvzap-predictor-trace-20260818T072239Z::longbench__gov_report__row000057,kvzap-predictor-trace-20260818T072239Z,longbench__gov_report__row000057,8,290592,0.4302424017178725,0.10413225415703116,0.4656253441250964,0.31995246951849554,0.5700080078528622,0.570252118206241,0.4386877638373708,0.4389280472557937,1.733926205493253,1.7332040546496255
kvzap-predictor-trace-20260818T072239Z::longbench__gov_report__row000057,kvzap-predictor-trace-20260818T072239Z,longbench__gov_report__row000057,16,145440,0.36402640264026404,0.0683512101210121,0.5676223872387238,0.31995246951849554,0.6366333436660467,0.6371564372804298,0.4974305497791673,0.49784314997405293,1.556880016627243,1.555632911392405
kvzap-predictor-trace-20260818T072239Z::longbench__gov_report__row000057,kvzap-predictor-trace-20260818T072239Z,longbench__gov_report__row000057,32,72864,0.30304402722880985,0.043711572244180937,0.6532444005270093,0.31995246951849554,0.6985538506578495,0.6996349107942412,0.5419788049021753,0.5426865289565406,1.4219423903329438,1.4197939732357754
kvzap-predictor-trace-20260818T072258Z::longbench__multi_news__row000073,kvzap-predictor-trace-20260818T072258Z,longbench__multi_news__row000073,4,1020384,0.49372981152193685,0.1640264841471446,0.34224370433091855,0.32887030764888514,0.5062701884780632,0.5062701884780632,0.3504055440484717,0.3504055440484717,1.958136651160314,1.958136651160314
kvzap-predictor-trace-20260818T072258Z::longbench__multi_news__row000073,kvzap-predictor-trace-20260818T072258Z,longbench__multi_news__row000073,8,510336,0.4175347222222222,0.11038805806370705,0.47207721971407074,0.32887030764888514,0.5824542525166996,0.5826296766707436,0.4353714369362321,0.43554144112927373,1.705926503993916,1.7054207068816443
kvzap-predictor-trace-20260818T072258Z::longbench__multi_news__row000073,kvzap-predictor-trace-20260818T072258Z,longbench__multi_news__row000073,16,255168,0.3499263230499122,0.07388857536995234,0.5761851015801355,0.32887030764888514,0.6500513532160441,0.6502571580895036,0.49408565027694773,0.49424577098831673,1.5309627400307502,1.5304848319082898
kvzap-predictor-trace-20260818T072258Z::longbench__multi_news__row000073,kvzap-predictor-trace-20260818T072258Z,longbench__multi_news__row000073,32,127584,0.2901460998244294,0.05060195635816403,0.6592519438174066,0.32887030764888514,0.709836688932794,0.7100542540847368,0.5366958164090868,0.5368377757657399,1.4036388819967227,1.403214200047973
kvzap-predictor-trace-20260818T072318Z::longbench__qmsum__row000010,kvzap-predictor-trace-20260818T072318Z,longbench__qmsum__row000010,4,1130976,0.47385709334238746,0.16062763489234078,0.36551527176527177,0.3339229810039266,0.5261697884608582,0.5262434115108423,0.3653702885893322,0.3654590752115351,1.8867909850870033,1.8865310431908862
kvzap-predictor-trace-20260818T072318Z::longbench__qmsum__row000010,kvzap-predictor-trace-20260818T072318Z,longbench__qmsum__row000010,8,565632,0.3861132326318171,0.10510720751301199,0.5087795598551709,0.3339229810039266,0.6139886005872157,0.6141603877038452,0.45614139955601085,0.456293522523716,1.6204585781100578,1.6200112550519836
kvzap-predictor-trace-20260818T072318Z::longbench__qmsum__row000010,kvzap-predictor-trace-20260818T072318Z,longbench__qmsum__row000010,16,282816,0.31407699705815795,0.06993946594252093,0.6159835369993211,0.3339229810039266,0.6859083713608547,0.6862287311188935,0.5131667800738204,0.513394053817207,1.4525433582171565,1.451873210592275
kvzap-predictor-trace-20260818T072318Z::longbench__qmsum__row000010,kvzap-predictor-trace-20260818T072318Z,longbench__qmsum__row000010,32,141408,0.25480170853134193,0.04684317718940937,0.6983551142792487,0.3339229810039266,0.745188413102692,0.7455304397042697,0.551894560982781,0.5521001380756712,1.3382430670359435,1.3376357611542398
kvzap-predictor-trace-20260818T072338Z::longbench__qmsum__row000036,kvzap-predictor-trace-20260818T072338Z,longbench__qmsum__row000036,4,774720,0.49883828996282525,0.15365680503923998,0.34750490499793474,0.3173008144567362,0.5012152939171393,0.501301478107279,0.3669370861033776,0.36704592283521353,1.9720728694664253,1.9717416900643057
kvzap-predictor-trace-20260818T072338Z::longbench__qmsum__row000036,kvzap-predictor-trace-20260818T072338Z,longbench__qmsum__row000036,8,387360,0.41259551838083436,0.10155152829409335,0.4858529533250723,0.3173008144567362,0.587430794418105,0.5875683017776538,0.4598498793869892,0.4599762895704874,1.688384011926318,1.687996726184066
kvzap-predictor-trace-20260818T072338Z::longbench__qmsum__row000036,kvzap-predictor-trace-20260818T072338Z,longbench__qmsum__row000036,16,193824,0.3386732293214463,0.0671846623741126,0.5941421083044411,0.3173008144567362,0.6614988431305713,0.6620030367822504,0.520330507374591,0.5206958324556682,1.502676160172716,1.5015519025175308
kvzap-predictor-trace-20260818T072338Z::longbench__qmsum__row000036,kvzap-predictor-trace-20260818T072338Z,longbench__qmsum__row000036,32,97056,0.2757686284207056,0.04413946587537092,0.6800919057039235,0.3173008144567362,0.7248116213731627,0.7260491876091021,0.5622299572741305,0.5629761455947419,1.3735364813862252,1.3712330109317918
kvzap-predictor-trace-20260818T072355Z::longbench__2wikimqa__row000062,kvzap-predictor-trace-20260818T072355Z,longbench__2wikimqa__row000062,4,233568,0.5299698588847788,0.1604372174270448,0.3095929236881765,0.31164666632404836,0.47004659608729915,0.4701750779456607,0.3369877179874993,0.3371688952852875,2.0401109523409264,2.0395966386554623
kvzap-predictor-trace-20260818T072355Z::longbench__2wikimqa__row000062,kvzap-predictor-trace-20260818T072355Z,longbench__2wikimqa__row000062,8,116928,0.46322523262178433,0.10727114121510674,0.42950362616310894,0.31164666632404836,0.5369599479220201,0.5376023572138281,0.4196091020753242,0.42030264164170544,1.8032898940517408,1.801282431870807
kvzap-predictor-trace-20260818T072355Z::longbench__2wikimqa__row000062,kvzap-predictor-trace-20260818T072355Z,longbench__2wikimqa__row000062,16,58464,0.40233305966064586,0.07053913519430761,0.5271278051450465,0.31164666632404836,0.597689039640936,0.5985884126494673,0.47858059014889864,0.4793640175147387,1.6314140911718444,1.629114535789078
kvzap-predictor-trace-20260818T072355Z::longbench__2wikimqa__row000062,kvzap-predictor-trace-20260818T072355Z,longbench__2wikimqa__row000062,32,29376,0.34303513071895425,0.04503676470588235,0.6119281045751634,0.31164666632404836,0.6574416692363039,0.6612190358721348,0.5259706208064622,0.5286786232447277,1.4915379226429704,1.4834971395041807
kvzap-predictor-trace-20260818T072412Z::longbench__2wikimqa__row000089,kvzap-predictor-trace-20260818T072412Z,longbench__2wikimqa__row000089,4,270720,0.5268173758865248,0.16574320330969267,0.3074394208037825,0.3174907998581183,0.4732105908781886,0.473308504034761,0.3290708069975444,0.3292096018735363,2.038495296435634,2.0381018963558506
kvzap-predictor-trace-20260818T072412Z::longbench__2wikimqa__row000089,kvzap-predictor-trace-20260818T072412Z,longbench__2wikimqa__row000089,8,135360,0.461362293144208,0.11300236406619385,0.4256353427895981,0.3174907998581183,0.5386461381573113,0.5387809996748544,0.41057629978701293,0.4107238376080099,1.805580018000058,1.8051549317577853
kvzap-predictor-trace-20260818T072412Z::longbench__2wikimqa__row000089,kvzap-predictor-trace-20260818T072412Z,longbench__2wikimqa__row000089,16,67680,0.4020094562647754,0.07910756501182033,0.5188829787234043,0.3174907998581183,0.5979962903845586,0.5981496260825869,0.46907563648271666,0.4692117389800356,1.6360336134453781,1.6356368056854311
kvzap-predictor-trace-20260818T072412Z::longbench__2wikimqa__row000089,kvzap-predictor-trace-20260818T072412Z,longbench__2wikimqa__row000089,32,33984,0.3448093220338983,0.05602636534839925,0.5991643126177024,0.3174907998581183,0.6555470574325323,0.6581537642990157,0.5156857219349293,0.5176039140393425,1.499497692062463,1.4938508839354343
kvzap-predictor-trace-20260818T072428Z::longbench__2wikimqa__row000106,kvzap-predictor-trace-20260818T072428Z,longbench__2wikimqa__row000106,4,189792,0.5427678721969313,0.1547905075029506,0.302441620300118,0.30269212523719163,0.45724752266498,0.45740565043221587,0.3380125419313191,0.3382413948074995,2.073005783358516,2.072357935309131
kvzap-predictor-trace-20260818T072428Z::longbench__2wikimqa__row000106,kvzap-predictor-trace-20260818T072428Z,longbench__2wikimqa__row000106,8,95040,0.47562079124579126,0.10451388888888889,0.4198653198653199,0.30269212523719163,0.5245835968796121,0.5253742357157917,0.42298591294562116,0.4238542649035857,1.8294647783704248,1.826944623014051
kvzap-predictor-trace-20260818T072428Z::longbench__2wikimqa__row000106,kvzap-predictor-trace-20260818T072428Z,longbench__2wikimqa__row000106,16,47520,0.4156986531986532,0.07018097643097643,0.5141203703703704,0.30269212523719163,0.584303183639047,0.5854100780096985,0.4819605066123009,0.4829400165670244,1.6568335137836263,1.653940804788826
kvzap-predictor-trace-20260818T072428Z::longbench__2wikimqa__row000106,kvzap-predictor-trace-20260818T072428Z,longbench__2wikimqa__row000106,32,23904,0.35847556894243643,0.048150937081659975,0.5933734939759037,0.30269212523719163,0.6419881931267131,0.6466371494834493,0.5285082677876484,0.5318980273883274,1.5184331445494375,1.5082792503184328
kvzap-predictor-trace-20260818T072443Z::longbench__2wikimqa__row000118,kvzap-predictor-trace-20260818T072443Z,longbench__2wikimqa__row000118,4,145152,0.5434441137566137,0.1511794532627866,0.30537643298059963,0.29909188034188033,0.4565911910669975,0.456782464846981,0.3449460125524118,0.34522031084955485,2.0447863553686974,2.0440346554327955
kvzap-predictor-trace-20260818T072443Z::longbench__2wikimqa__row000118,kvzap-predictor-trace-20260818T072443Z,longbench__2wikimqa__row000118,8,72576,0.4728835978835979,0.10028108465608465,0.42683531746031744,0.29909188034188033,0.5271419216983733,0.5273779983457403,0.43261602230714163,0.43287000731911335,1.8005513821019619,1.7998320268757
kvzap-predictor-trace-20260818T072443Z::longbench__2wikimqa__row000118,kvzap-predictor-trace-20260818T072443Z,longbench__2wikimqa__row000118,16,36288,0.4098324514991182,0.06586199294532628,0.5243055555555556,0.29909188034188033,0.5901933416046319,0.5904604356217259,0.49323067669875414,0.49345991314904747,1.6268870349136055,1.626222596964587
kvzap-predictor-trace-20260818T072443Z::longbench__2wikimqa__row000118,kvzap-predictor-trace-20260818T072443Z,longbench__2wikimqa__row000118,32,18144,0.3464506172839506,0.042328042328042326,0.611221340388007,0.29909188034188033,0.6535859525778881,0.6538737248414668,0.5423832486573562,0.5425846474953617,1.483069928607988,1.4824750192159877
kvzap-predictor-trace-20260818T072458Z::longbench__2wikimqa__row000134,kvzap-predictor-trace-20260818T072458Z,longbench__2wikimqa__row000134,4,260064,0.5306578380706287,0.1548464993232435,0.3144956626061277,0.30795370626788515,0.46933847964552755,0.46947213760423395,0.3438558319350457,0.34404263511908173,2.051260950813489,2.0507179584840984
kvzap-predictor-trace-20260818T072458Z::longbench__2wikimqa__row000134,kvzap-predictor-trace-20260818T072458Z,longbench__2wikimqa__row000134,8,130176,0.46154437069813176,0.10385170845624385,0.4346039208456244,0.30795370626788515,0.5385329163974276,0.5392012061909597,0.42816177639061737,0.4288705167346706,1.8039774107461457,1.8018794677518675
kvzap-predictor-trace-20260818T072458Z::longbench__2wikimqa__row000134,kvzap-predictor-trace-20260818T072458Z,longbench__2wikimqa__row000134,16,65088,0.398890732546706,0.06726278269419862,0.5338464847590954,0.30795370626788515,0.6011386888827348,0.6019415982030216,0.4877160429646573,0.4883993610223642,1.626563186809037,1.6245142291631467
kvzap-predictor-trace-20260818T072458Z::longbench__2wikimqa__row000134,kvzap-predictor-trace-20260818T072458Z,longbench__2wikimqa__row000134,32,32544,0.3384648475909538,0.04477015732546706,0.6167649950835792,0.30795370626788515,0.6615472783777963,0.662451152343149,0.5344947876997854,0.5351299410098007,1.4855887822617582,1.483664741413518
kvzap-predictor-trace-20260818T072514Z::longbench__2wikimqa__row000055,kvzap-predictor-trace-20260818T072514Z,longbench__2wikimqa__row000055,4,306144,0.5219961848019232,0.15432606877809135,0.32367774641998537,0.3115545160952904,0.4781623453884574,0.4783413090661855,0.3484336039840515,0.3486773770312564,2.0266592925689353,2.025945973745452
kvzap-predictor-trace-20260818T072514Z::longbench__2wikimqa__row000055,kvzap-predictor-trace-20260818T072514Z,longbench__2wikimqa__row000055,8,153216,0.4491436925647452,0.10098162071846283,0.449874686716792,0.3115545160952904,0.5513462317931016,0.5517638137078005,0.4349203855405972,0.4353480450236967,1.77158412655136,1.7703127808736294
kvzap-predictor-trace-20260818T072514Z::longbench__2wikimqa__row000055,kvzap-predictor-trace-20260818T072514Z,longbench__2wikimqa__row000055,16,76608,0.38382414369256473,0.06659878863826232,0.5495770676691729,0.3115545160952904,0.6159210663947072,0.617190973039408,0.4941648644704197,0.49520564994491995,1.594507282050763,1.5913791710430638
kvzap-predictor-trace-20260818T072514Z::longbench__2wikimqa__row000055,kvzap-predictor-trace-20260818T072514Z,longbench__2wikimqa__row000055,32,38304,0.32490079365079366,0.045034461152882205,0.6300647451963242,0.3115545160952904,0.6748385240971732,0.6762113961454983,0.5383273109487919,0.5392646177346379,1.4612459892056309,1.4584058346599533
kvzap-predictor-trace-20260818T072530Z::longbench__2wikimqa__row000167,kvzap-predictor-trace-20260818T072530Z,longbench__2wikimqa__row000167,4,324576,0.5350826924972888,0.1511941733215025,0.31372313418120873,0.30360445332149727,0.464964923312127,0.4651236622774572,0.3470379417896645,0.3472607868735131,2.0844466796405223,2.083776238625505
kvzap-predictor-trace-20260818T072530Z::longbench__2wikimqa__row000167,kvzap-predictor-trace-20260818T072530Z,longbench__2wikimqa__row000167,8,162432,0.46549940898345155,0.10007264578408195,0.43442794523246653,0.30360445332149727,0.5347360926172511,0.5352123095132416,0.4322349706459618,0.43274015203870075,1.826191903186345,1.8246489040556504
kvzap-predictor-trace-20260818T072530Z::longbench__2wikimqa__row000167,kvzap-predictor-trace-20260818T072530Z,longbench__2wikimqa__row000167,16,81216,0.40120173364854217,0.06514726162332546,0.5336510047281324,0.30360445332149727,0.5989251985007644,0.5995956009271588,0.4930845219378263,0.493651299555848,1.6393344355649018,1.637584419663892
kvzap-predictor-trace-20260818T072530Z::longbench__2wikimqa__row000167,kvzap-predictor-trace-20260818T072530Z,longbench__2wikimqa__row000167,32,40608,0.3444887706855792,0.04435086682427108,0.6111603624901497,0.30360445332149727,0.6556073383636633,0.6563840804852789,0.5369111424541608,0.5374591457229798,1.5034878061969394,1.5017824349141191
kvzap-predictor-trace-20260818T072546Z::longbench__musique__row000068,kvzap-predictor-trace-20260818T072546Z,longbench__musique__row000068,4,479520,0.5084709709709709,0.16049174174174174,0.33103728728728726,0.3214825105971096,0.4915567320850439,0.4916766796835887,0.34599103295061756,0.3461505825250957,1.9954218082836273,1.9949533305568485
kvzap-predictor-trace-20260818T072546Z::longbench__musique__row000068,kvzap-predictor-trace-20260818T072546Z,longbench__musique__row000068,8,239904,0.4339235694277711,0.10545885020674936,0.4606175803654795,0.3214825105971096,0.5662267197356563,0.5665865625312907,0.4322371244734016,0.4325977143530382,1.7409206792053489,1.7398512947611315
kvzap-predictor-trace-20260818T072546Z::longbench__musique__row000068,kvzap-predictor-trace-20260818T072546Z,longbench__musique__row000068,16,120096,0.3666316946442846,0.06737942978950173,0.5659888755662137,0.3214825105971096,0.6338604769533727,0.6347001101431862,0.492818179574307,0.49348912114638793,1.560630331216152,1.5586264977223137
kvzap-predictor-trace-20260818T072546Z::longbench__musique__row000068,kvzap-predictor-trace-20260818T072546Z,longbench__musique__row000068,32,60192,0.30653575225943647,0.04264686337054758,0.6508173843700159,0.3214825105971096,0.6947896849237342,0.6965888989019058,0.5372952167066237,0.53849033324549,1.427456640221572,1.4238686965239082
kvzap-predictor-trace-20260818T072604Z::longbench__musique__row000135,kvzap-predictor-trace-20260818T072604Z,longbench__musique__row000135,4,551232,0.5015782828282829,0.164475211889005,0.3339465052827122,0.32686515712315845,0.49842922200449963,0.49848682778140646,0.34420948312655786,0.3442852671194485,1.9736396526963929,1.9734189785957277
kvzap-predictor-trace-20260818T072604Z::longbench__musique__row000135,kvzap-predictor-trace-20260818T072604Z,longbench__musique__row000135,8,275616,0.4270833333333333,0.10891965633344944,0.4639970103332172,0.32686515712315845,0.5729134915451048,0.5729915088177662,0.429468563846127,0.4295462461606662,1.7243240415652512,1.7240959184803677
kvzap-predictor-trace-20260818T072604Z::longbench__musique__row000135,kvzap-predictor-trace-20260818T072604Z,longbench__musique__row000135,16,137952,0.36148805381582,0.07019108095569473,0.5683208652284852,0.32686515712315845,0.6385604906016402,0.6392626460555918,0.4881218585647352,0.4886840969983198,1.551578918222973,1.5499181307253176
kvzap-predictor-trace-20260818T072604Z::longbench__musique__row000135,kvzap-predictor-trace-20260818T072604Z,longbench__musique__row000135,32,69120,0.30072337962962964,0.044603587962962966,0.6546730324074074,0.32686515712315845,0.6996099136366936,0.7015603454532259,0.532789414855406,0.5340883229196839,1.419345360968357,1.4154912500505192
kvzap-predictor-trace-20260818T072622Z::longbench__musique__row000191,kvzap-predictor-trace-20260818T072622Z,longbench__musique__row000191,4,579744,0.498601106695369,0.16138330021526742,0.3400155930893636,0.326962920410163,0.5014137305234685,0.5014611711450614,0.34791789592834127,0.34797958600950174,1.9638011614975082,1.9636210857655412
kvzap-predictor-trace-20260818T072622Z::longbench__musique__row000191,kvzap-predictor-trace-20260818T072622Z,longbench__musique__row000191,8,290016,0.42294563058589874,0.10540452940527419,0.4716498400088271,0.326962920410163,0.5771755406505749,0.5774127437585393,0.4335121685135509,0.4337448836306056,1.7129368783423529,1.712252054220966
kvzap-predictor-trace-20260818T072622Z::longbench__musique__row000191,kvzap-predictor-trace-20260818T072622Z,longbench__musique__row000191,16,145152,0.35534474206349204,0.06646136463844797,0.5781938932980599,0.326962920410163,0.6450794587283843,0.645696186809092,0.49314318416728065,0.4936273016789031,1.5369626295672327,1.5355298976814042
kvzap-predictor-trace-20260818T072622Z::longbench__musique__row000191,kvzap-predictor-trace-20260818T072622Z,longbench__musique__row000191,32,72576,0.2943259479717813,0.041046626984126984,0.6646274250440917,0.326962920410163,0.7057594639727294,0.706813508328848,0.5367218760770357,0.537412745289466,1.4077284408055937,1.4056753298833236
kvzap-predictor-trace-20260818T072640Z::longbench__2wikimqa__row000017,kvzap-predictor-trace-20260818T072640Z,longbench__2wikimqa__row000017,4,608544,0.4976402692327917,0.16596992164905086,0.3363898091181574,0.32965894148586455,0.5023948060486522,0.5024786324786324,0.3438249410286694,0.3439344079971738,1.9614765318080623,1.961158882778067
kvzap-predictor-trace-20260818T072640Z::longbench__2wikimqa__row000017,kvzap-predictor-trace-20260818T072640Z,longbench__2wikimqa__row000017,8,304416,0.4240940029433407,0.11227070850415222,0.4636352885525071,0.32965894148586455,0.5760634451019067,0.5763149243918475,0.4277384821257886,0.42798819268174426,1.7170642742561018,1.7163342096341212
kvzap-predictor-trace-20260818T072640Z::longbench__2wikimqa__row000017,kvzap-predictor-trace-20260818T072640Z,longbench__2wikimqa__row000017,16,152352,0.3597392879647133,0.07576533291325352,0.5644953791220332,0.32965894148586455,0.6407347140039448,0.6413214990138068,0.48549854677635745,0.4859692962222564,1.5477584897716765,1.5463750262896974
kvzap-predictor-trace-20260818T072640Z::longbench__2wikimqa__row000017,kvzap-predictor-trace-20260818T072640Z,longbench__2wikimqa__row000017,32,76320,0.30179507337526207,0.05134958071278826,0.6468553459119497,0.32965894148586455,0.6994263642340566,0.7006837606837607,0.528672411645685,0.5295182220804324,1.4206331498549731,1.418137732140561
kvzap-predictor-trace-20260818T072657Z::longbench__2wikimqa__row000083,kvzap-predictor-trace-20260818T072657Z,longbench__2wikimqa__row000083,4,597600,0.5027493306559572,0.1643206157965194,0.3329300535475234,0.32592913319946454,0.49725066934404283,0.49725066934404283,0.34453756768307664,0.34453756768307664,1.9806445084912836,1.9806445084912836
kvzap-predictor-trace-20260818T072657Z::longbench__2wikimqa__row000083,kvzap-predictor-trace-20260818T072657Z,longbench__2wikimqa__row000083,8,298944,0.4288361699850139,0.11132519803040035,0.45983863198458574,0.32592913319946454,0.571214859437751,0.5714390896921018,0.42941061876387837,0.4296345155962658,1.7309212890858992,1.7302599313388916
kvzap-predictor-trace-20260818T072657Z::longbench__2wikimqa__row000083,kvzap-predictor-trace-20260818T072657Z,longbench__2wikimqa__row000083,16,149472,0.3641350888460715,0.07683044315992293,0.5590344679940056,0.32592913319946454,0.6358668005354753,0.6361713520749666,0.48742545934935816,0.48767084192584487,1.5590966316384471,1.5583679171631672
kvzap-predictor-trace-20260818T072657Z::longbench__2wikimqa__row000083,kvzap-predictor-trace-20260818T072657Z,longbench__2wikimqa__row000083,32,74880,0.3061832264957265,0.05500801282051282,0.6388087606837607,0.32592913319946454,0.6939658634538153,0.6954886211512717,0.5303383777735982,0.531366692010086,1.4314061283702497,1.42834008097166
kvzap-predictor-trace-20260818T072715Z::longbench__2wikimqa__row000124,kvzap-predictor-trace-20260818T072715Z,longbench__2wikimqa__row000124,4,585504,0.4893920451440127,0.16997151172323333,0.340636443132754,0.3362686403958393,0.5106605636883039,0.5107963942537691,0.3415026256049598,0.34167773269601925,1.929584436196748,1.929086667164213
kvzap-predictor-trace-20260818T072715Z::longbench__2wikimqa__row000124,kvzap-predictor-trace-20260818T072715Z,longbench__2wikimqa__row000124,8,292896,0.4159360319021086,0.11386294111220364,0.4702010269856878,0.3362686403958393,0.584249976080152,0.5845669140662375,0.4244438953135578,0.4247559478576022,1.6929212448084334,1.6920274593289997
kvzap-predictor-trace-20260818T072715Z::longbench__2wikimqa__row000124,kvzap-predictor-trace-20260818T072715Z,longbench__2wikimqa__row000124,16,146592,0.35093320235756387,0.07593865968129229,0.5731281379611438,0.3362686403958393,0.6495853323492025,0.6502644851765285,0.4823333846228707,0.4828740488502123,1.5266768615638253,1.5251200591060214
kvzap-predictor-trace-20260818T072715Z::longbench__2wikimqa__row000124,kvzap-predictor-trace-20260818T072715Z,longbench__2wikimqa__row000124,32,73440,0.2927151416122004,0.05119825708061002,0.6560866013071895,0.3362686403958393,0.7085785117753994,0.7099820942852066,0.5254320660200495,0.5263702520070077,1.4023354802642365,1.3996233166964873
kvzap-predictor-trace-20260818T072733Z::longbench__musique__row000052,kvzap-predictor-trace-20260818T072733Z,longbench__musique__row000052,4,756864,0.5054131257398952,0.1631402735498055,0.33144660071029935,0.32406394359348406,0.49459461780779923,0.49463392847704524,0.3447887786772961,0.3448408511093005,1.9973026266471545,1.9971477065631429
kvzap-predictor-trace-20260818T072733Z::longbench__musique__row000052,kvzap-predictor-trace-20260818T072733Z,longbench__musique__row000052,8,378432,0.4309228606460342,0.10959696854388636,0.45948017081007947,0.32406394359348406,0.5690830505607881,0.5691312804575102,0.43055070209147217,0.4305989589379495,1.7413487582789926,1.7412042824994887
kvzap-predictor-trace-20260818T072733Z::longbench__musique__row000052,kvzap-predictor-trace-20260818T072733Z,longbench__musique__row000052,16,189216,0.36557690681549126,0.07462371046845932,0.5597993827160493,0.32406394359348406,0.634422007632216,0.6344834511992727,0.4891981367371656,0.48924760294227904,1.5653853188417495,1.5652365811993756
kvzap-predictor-trace-20260818T072733Z::longbench__musique__row000052,kvzap-predictor-trace-20260818T072733Z,longbench__musique__row000052,32,94752,0.3070436507936508,0.05174560959135427,0.641210739614995,0.32406394359348406,0.693032563769173,0.6940771044091375,0.5323972342208447,0.533100945795702,1.4352849694817758,1.4331622038287108
kvzap-predictor-trace-20260818T072754Z::longbench__musique__row000155,kvzap-predictor-trace-20260818T072754Z,longbench__musique__row000155,4,1145952,0.46546015888972664,0.18045869285973584,0.35408114825053755,0.3526485240110036,0.5345306543504671,0.5346070196751986,0.3402651070788015,0.34035934615064395,1.8578911684444948,1.8576297137379718
kvzap-predictor-trace-20260818T072754Z::longbench__musique__row000155,kvzap-predictor-trace-20260818T072754Z,longbench__musique__row000155,8,573120,0.3901783221663875,0.12320107481853713,0.48662060301507537,0.3526485240110036,0.6098225008029269,0.6100515967771215,0.42171939614119425,0.42193656098265814,1.6314923748738446,1.6308876645326722
kvzap-predictor-trace-20260818T072754Z::longbench__musique__row000155,kvzap-predictor-trace-20260818T072754Z,longbench__musique__row000155,16,286560,0.3262423227247348,0.08452680067001675,0.5892308766052484,0.3526485240110036,0.6737263136581347,0.6740117017859886,0.476570059886445,0.47679168911079806,1.4785688774759114,1.4779502088281058
kvzap-predictor-trace-20260818T072754Z::longbench__musique__row000155,kvzap-predictor-trace-20260818T072754Z,longbench__musique__row000155,32,143424,0.27116800535475233,0.05988537483266399,0.6689466198125836,0.3526485240110036,0.7287931311354083,0.7298395542708727,0.5161198576863615,0.5168136312325412,1.3680693330237967,1.3661292153968434
